race,driver,variable,Cluster,Percentage_of_Lap,Min,Max,Avg
Emilia_Romagna_Grand_Prix,ALB,rpm,0,14.035087719298245,3941.9984390975483,12506.187235754755,10512.608915535866
Emilia_Romagna_Grand_Prix,ALB,rpm,1,10.526315789473683,5952.563101532613,12284.405582412855,10743.358918251222
Emilia_Romagna_Grand_Prix,ALB,rpm,2,8.771929824561402,4299.545126389942,12077.0170914579,10259.28478205825
Emilia_Romagna_Grand_Prix,ALB,rpm,3,28.07017543859649,6228.076028608544,12153.958772063876,10640.574208299724
Emilia_Romagna_Grand_Prix,ALB,rpm,4,38.59649122807017,4591.467961036276,12209.352254255129,10489.484683798762
Emilia_Romagna_Grand_Prix,ALB,speed,0,14.035087719298245,-2.6859854349319825,333.1164140822655,225.26655893114665
Emilia_Romagna_Grand_Prix,ALB,speed,1,10.526315789473683,49.431792127703226,310.52496823165694,237.53149937623053
Emilia_Romagna_Grand_Prix,ALB,speed,2,8.771929824561402,32.49485921287583,309.0146453221244,190.5225306781901
Emilia_Romagna_Grand_Prix,ALB,speed,3,28.07017543859649,39.40040972928448,332.8847163546312,232.00466014521047
Emilia_Romagna_Grand_Prix,ALB,speed,4,38.59649122807017,1.0233156966609203,335.9898924436889,225.94716332582456
Emilia_Romagna_Grand_Prix,ALB,throttle,0,14.035087719298245,0.0,100.0,71.51782755411827
Emilia_Romagna_Grand_Prix,ALB,throttle,1,10.526315789473683,0.0,100.0,75.96552089990088
Emilia_Romagna_Grand_Prix,ALB,throttle,2,8.771929824561402,0.0,100.0,51.94458783797551
Emilia_Romagna_Grand_Prix,ALB,throttle,3,28.07017543859649,0.0,100.0,73.91167538571119
Emilia_Romagna_Grand_Prix,ALB,throttle,4,38.59649122807017,0.0,100.0,75.89986243042866
Emilia_Romagna_Grand_Prix,ALB,brake,0,14.035087719298245,0.0,1.0,0.16334267284997367
Emilia_Romagna_Grand_Prix,ALB,brake,1,10.526315789473683,0.0,1.0,0.1542174029136704
Emilia_Romagna_Grand_Prix,ALB,brake,2,8.771929824561402,0.0,1.0,0.20243450897736004
Emilia_Romagna_Grand_Prix,ALB,brake,3,28.07017543859649,0.0,1.0,0.15397472673113652
Emilia_Romagna_Grand_Prix,ALB,brake,4,38.59649122807017,0.0,1.0,0.15510787489763764
Emilia_Romagna_Grand_Prix,ALB,gear,0,14.035087719298245,1.0,8.0,5.86535
Emilia_Romagna_Grand_Prix,ALB,gear,1,10.526315789473683,3.0,8.0,6.283904761904762
Emilia_Romagna_Grand_Prix,ALB,gear,2,8.771929824561402,1.0,8.0,4.714342857142857
Emilia_Romagna_Grand_Prix,ALB,gear,3,28.07017543859649,1.0,8.0,6.04015
Emilia_Romagna_Grand_Prix,ALB,gear,4,38.59649122807017,1.0,8.0,5.922072727272727
Emilia_Romagna_Grand_Prix,ALB,acc_x,0,14.035087719298245,-44.26531208582016,16.40394257200739,0.39193058408152964
Emilia_Romagna_Grand_Prix,ALB,acc_x,1,10.526315789473683,-60.39867831555226,20.457796713980986,0.2358102563616859
Emilia_Romagna_Grand_Prix,ALB,acc_x,2,8.771929824561402,-46.81559252745281,14.944545276914315,-0.1876655864903843
Emilia_Romagna_Grand_Prix,ALB,acc_x,3,28.07017543859649,-54.24754310498322,17.011704513434662,0.2613909739188355
Emilia_Romagna_Grand_Prix,ALB,acc_x,4,38.59649122807017,-52.382096050988025,17.13483224679742,0.287257210725479
Emilia_Romagna_Grand_Prix,ALB,acc_y,0,14.035087719298245,-47.71927679083066,50.805763587648784,1.7050693671659327
Emilia_Romagna_Grand_Prix,ALB,acc_y,1,10.526315789473683,-74.01274125278246,65.49927251970223,1.7914262096046678
Emilia_Romagna_Grand_Prix,ALB,acc_y,2,8.771929824561402,-59.51927420291418,58.40556660116713,0.9489516010945468
Emilia_Romagna_Grand_Prix,ALB,acc_y,3,28.07017543859649,-55.398148306219845,53.395437727877834,2.1866389433145774
Emilia_Romagna_Grand_Prix,ALB,acc_y,4,38.59649122807017,-54.537302912797706,54.33906521664184,1.8222494143483434
Emilia_Romagna_Grand_Prix,ALB,acc_z,0,14.035087719298245,-65.53602019754919,76.70453063245947,2.053264386142402
Emilia_Romagna_Grand_Prix,ALB,acc_z,1,10.526315789473683,-58.830380636263556,76.49552521304683,-0.23984289624953214
Emilia_Romagna_Grand_Prix,ALB,acc_z,2,8.771929824561402,-74.03786565633516,59.807049778397726,-1.0242811992351792
Emilia_Romagna_Grand_Prix,ALB,acc_z,3,28.07017543859649,-72.81207681016433,59.09371632369393,-2.6841904079970735
Emilia_Romagna_Grand_Prix,ALB,acc_z,4,38.59649122807017,-82.11171601774348,66.34892089464259,-1.2417838428764123
Emilia_Romagna_Grand_Prix,ALO,rpm,0,23.214285714285715,4010.7209362623653,12216.494457790126,10523.084875468783
Emilia_Romagna_Grand_Prix,ALO,rpm,1,21.428571428571427,4388.340850007668,12202.51116320548,10740.243705377745
Emilia_Romagna_Grand_Prix,ALO,rpm,2,3.571428571428571,6649.252983291817,11972.063459866347,10318.64214179603
Emilia_Romagna_Grand_Prix,ALO,rpm,3,8.928571428571429,4694.1091249660885,12862.824559810728,10636.375063190038
Emilia_Romagna_Grand_Prix,ALO,rpm,4,42.857142857142854,3521.969536880497,12447.29423322958,10635.281529661912
Emilia_Romagna_Grand_Prix,ALO,speed,0,23.214285714285715,-1.8129159864439268,329.0,218.77691084881172
Emilia_Romagna_Grand_Prix,ALO,speed,1,21.428571428571427,14.633054527882758,330.4843206509866,232.99412306946698
Emilia_Romagna_Grand_Prix,ALO,speed,2,3.571428571428571,105.20639979665991,303.2981826825734,215.33177757956904
Emilia_Romagna_Grand_Prix,ALO,speed,3,8.928571428571429,53.89669357066501,336.4776447306128,228.32648258478324
Emilia_Romagna_Grand_Prix,ALO,speed,4,42.857142857142854,-5.42533105783756,332.48816257150105,225.91647262411
Emilia_Romagna_Grand_Prix,ALO,throttle,0,23.214285714285715,0.0,100.0,72.51658775302893
Emilia_Romagna_Grand_Prix,ALO,throttle,1,21.428571428571427,0.0,100.0,73.18823609050672
Emilia_Romagna_Grand_Prix,ALO,throttle,2,3.571428571428571,0.0,99.96901220125568,49.400339794498
Emilia_Romagna_Grand_Prix,ALO,throttle,3,8.928571428571429,0.0,100.0,74.74704673273861
Emilia_Romagna_Grand_Prix,ALO,throttle,4,42.857142857142854,0.0,100.0,76.03335580573797
Emilia_Romagna_Grand_Prix,ALO,brake,0,23.214285714285715,0.0,1.0,0.1557618911107385
Emilia_Romagna_Grand_Prix,ALO,brake,1,21.428571428571427,0.0,1.0,0.15507228269258808
Emilia_Romagna_Grand_Prix,ALO,brake,2,3.571428571428571,0.0,1.0,0.16187618495636183
Emilia_Romagna_Grand_Prix,ALO,brake,3,8.928571428571429,0.0,1.0,0.1498266439094091
Emilia_Romagna_Grand_Prix,ALO,brake,4,42.857142857142854,0.0,1.0,0.14529992366382402
Emilia_Romagna_Grand_Prix,ALO,gear,0,23.214285714285715,1.0,8.0,5.69516923076923
Emilia_Romagna_Grand_Prix,ALO,gear,1,21.428571428571427,1.0,8.0,5.995206349206349
Emilia_Romagna_Grand_Prix,ALO,gear,2,3.571428571428571,3.0,8.0,5.618571428571428
Emilia_Romagna_Grand_Prix,ALO,gear,3,8.928571428571429,2.0,8.0,5.85544
Emilia_Romagna_Grand_Prix,ALO,gear,4,42.857142857142854,1.0,8.0,5.861183333333333
Emilia_Romagna_Grand_Prix,ALO,acc_x,0,23.214285714285715,-49.00234111258122,17.072440350702745,0.4279964518590115
Emilia_Romagna_Grand_Prix,ALO,acc_x,1,21.428571428571427,-50.95815003151047,16.20842080520046,0.1015305582976444
Emilia_Romagna_Grand_Prix,ALO,acc_x,2,3.571428571428571,-37.01236068908187,18.649454165487768,-0.09119449426270534
Emilia_Romagna_Grand_Prix,ALO,acc_x,3,8.928571428571429,-53.86189175923383,17.279550521902216,0.292442157001175
Emilia_Romagna_Grand_Prix,ALO,acc_x,4,42.857142857142854,-59.80460311430471,21.67565725643139,0.7226968909958708
Emilia_Romagna_Grand_Prix,ALO,acc_y,0,23.214285714285715,-49.14202403291459,46.835017646526225,2.3581233961984367
Emilia_Romagna_Grand_Prix,ALO,acc_y,1,21.428571428571427,-54.805632471169844,47.90160473648133,1.885934175530341
Emilia_Romagna_Grand_Prix,ALO,acc_y,2,3.571428571428571,-53.02577223432315,40.13995237777627,1.3745365610575586
Emilia_Romagna_Grand_Prix,ALO,acc_y,3,8.928571428571429,-44.32727721570139,45.231054827746085,1.659079282315487
Emilia_Romagna_Grand_Prix,ALO,acc_y,4,42.857142857142854,-51.711647373185926,53.18525542758837,1.5603334223062688
Emilia_Romagna_Grand_Prix,ALO,acc_z,0,23.214285714285715,-104.09729686719028,76.48199358590654,-0.31446663851801104
Emilia_Romagna_Grand_Prix,ALO,acc_z,1,21.428571428571427,-73.08183034651692,52.1783911113056,-3.212321007326782
Emilia_Romagna_Grand_Prix,ALO,acc_z,2,3.571428571428571,-60.51159401037695,49.361042386977346,0.6828644764548769
Emilia_Romagna_Grand_Prix,ALO,acc_z,3,8.928571428571429,-99.37295440554058,45.80077828329972,-1.7571339997430238
Emilia_Romagna_Grand_Prix,ALO,acc_z,4,42.857142857142854,-81.10387774031167,58.014736622417225,-0.8155479291818208
Emilia_Romagna_Grand_Prix,ANT,rpm,0,28.57142857142857,6281.715169918968,12397.551295181376,10872.77748046625
Emilia_Romagna_Grand_Prix,ANT,rpm,1,14.285714285714285,6426.978435389331,12288.492928370255,10894.869645261359
Emilia_Romagna_Grand_Prix,ANT,rpm,2,2.380952380952381,5941.345053384035,12133.827393608994,9596.900383423828
Emilia_Romagna_Grand_Prix,ANT,rpm,3,16.666666666666664,6438.980945667507,12286.044679736387,10845.672134987619
Emilia_Romagna_Grand_Prix,ANT,rpm,4,38.095238095238095,4243.499541892101,12404.527916582509,10826.98722936664
Emilia_Romagna_Grand_Prix,ANT,speed,0,28.57142857142857,85.0,356.8721617985299,233.94069871879552
Emilia_Romagna_Grand_Prix,ANT,speed,1,14.285714285714285,86.49030197240036,331.75716097598587,235.6728080006556
Emilia_Romagna_Grand_Prix,ANT,speed,2,2.380952380952381,73.45725179411967,307.8437503827037,189.021706904684
Emilia_Romagna_Grand_Prix,ANT,speed,3,16.666666666666664,86.0,332.97318370112487,235.28185016610993
Emilia_Romagna_Grand_Prix,ANT,speed,4,38.095238095238095,-1.591256679955106,334.59496324086217,228.3328096661971
Emilia_Romagna_Grand_Prix,ANT,throttle,0,28.57142857142857,0.0,100.0,74.12326478309755
Emilia_Romagna_Grand_Prix,ANT,throttle,1,14.285714285714285,0.0,100.0,75.0820746300765
Emilia_Romagna_Grand_Prix,ANT,throttle,2,2.380952380952381,0.0,100.0,50.49681078256156
Emilia_Romagna_Grand_Prix,ANT,throttle,3,16.666666666666664,0.0,101.89339206104596,72.88038532482469
Emilia_Romagna_Grand_Prix,ANT,throttle,4,38.095238095238095,0.0,100.84466708285684,74.25767390949466
Emilia_Romagna_Grand_Prix,ANT,brake,0,28.57142857142857,0.0,1.0,0.161405851249985
Emilia_Romagna_Grand_Prix,ANT,brake,1,14.285714285714285,0.0,1.0,0.15698503157315183
Emilia_Romagna_Grand_Prix,ANT,brake,2,2.380952380952381,0.0,1.0,0.15295026622652594
Emilia_Romagna_Grand_Prix,ANT,brake,3,16.666666666666664,0.0,1.0,0.14166925786201567
Emilia_Romagna_Grand_Prix,ANT,brake,4,38.095238095238095,0.0,1.0,0.14824622659745312
Emilia_Romagna_Grand_Prix,ANT,gear,0,28.57142857142857,3.0,8.0,5.875666666666667
Emilia_Romagna_Grand_Prix,ANT,gear,1,14.285714285714285,3.0,8.0,5.993904761904762
Emilia_Romagna_Grand_Prix,ANT,gear,2,2.380952380952381,1.0,8.0,5.162
Emilia_Romagna_Grand_Prix,ANT,gear,3,16.666666666666664,3.0,8.0,5.9154285714285715
Emilia_Romagna_Grand_Prix,ANT,gear,4,38.095238095238095,1.0,8.0,5.775825
Emilia_Romagna_Grand_Prix,ANT,acc_x,0,28.57142857142857,-62.615500124113424,17.007464155505293,0.2236075657459863
Emilia_Romagna_Grand_Prix,ANT,acc_x,1,14.285714285714285,-46.50124596747614,17.706482555543595,0.04357438260077197
Emilia_Romagna_Grand_Prix,ANT,acc_x,2,2.380952380952381,-29.52284219058413,10.371669626866023,-0.4587150329783426
Emilia_Romagna_Grand_Prix,ANT,acc_x,3,16.666666666666664,-43.14605887499628,15.170783990059338,0.24304204539816893
Emilia_Romagna_Grand_Prix,ANT,acc_x,4,38.095238095238095,-49.256710566239114,17.35772169740855,0.4659397702418263
Emilia_Romagna_Grand_Prix,ANT,acc_y,0,28.57142857142857,-49.66753798328848,47.16129939546389,2.103868510820195
Emilia_Romagna_Grand_Prix,ANT,acc_y,1,14.285714285714285,-47.91203548875237,47.23195268163734,1.9524288673334176
Emilia_Romagna_Grand_Prix,ANT,acc_y,2,2.380952380952381,-41.80099854934546,33.56348152795131,2.377537331472123
Emilia_Romagna_Grand_Prix,ANT,acc_y,3,16.666666666666664,-48.150286713471836,49.899665694220076,1.9842356878221172
Emilia_Romagna_Grand_Prix,ANT,acc_y,4,38.095238095238095,-49.93378839744046,54.57441965448951,1.902908567104147
Emilia_Romagna_Grand_Prix,ANT,acc_z,0,28.57142857142857,-89.55403499817564,52.833241468573384,-1.0843559337041142
Emilia_Romagna_Grand_Prix,ANT,acc_z,1,14.285714285714285,-72.52983914087564,59.20619738384019,-3.2134186456378098
Emilia_Romagna_Grand_Prix,ANT,acc_z,2,2.380952380952381,-30.193177540475915,25.37412344558753,-0.8975013615494764
Emilia_Romagna_Grand_Prix,ANT,acc_z,3,16.666666666666664,-71.6305555607795,60.489421279329804,-5.443087491538707
Emilia_Romagna_Grand_Prix,ANT,acc_z,4,38.095238095238095,-91.2260175674577,83.31631376451763,-1.14969271321
Emilia_Romagna_Grand_Prix,BEA,rpm,0,28.8135593220339,3701.4173628548097,12363.257614928445,10631.574814086212
Emilia_Romagna_Grand_Prix,BEA,rpm,1,22.033898305084744,4057.9734316607914,12243.257664867737,10638.29896417077
Emilia_Romagna_Grand_Prix,BEA,rpm,2,8.47457627118644,4619.786526174563,12231.090894910601,9664.743704300467
Emilia_Romagna_Grand_Prix,BEA,rpm,3,16.94915254237288,6463.104450674649,12444.28811960049,10687.781098264908
Emilia_Romagna_Grand_Prix,BEA,rpm,4,23.728813559322035,3270.98459292835,12300.721588787332,10688.94582357479
Emilia_Romagna_Grand_Prix,BEA,speed,0,28.8135593220339,48.20422206079052,345.9797121940153,224.91940419224773
Emilia_Romagna_Grand_Prix,BEA,speed,1,22.033898305084744,21.102078230549964,328.2070001402555,232.3322207013952
Emilia_Romagna_Grand_Prix,BEA,speed,2,8.47457627118644,17.200736780968384,337.6523649637743,181.91603844737344
Emilia_Romagna_Grand_Prix,BEA,speed,3,16.94915254237288,86.50715393806176,330.97430513553184,231.76020788878222
Emilia_Romagna_Grand_Prix,BEA,speed,4,23.728813559322035,-0.9118599360530832,342.8190906131512,230.76833794413145
Emilia_Romagna_Grand_Prix,BEA,throttle,0,28.8135593220339,0.0,100.0,75.44947665288471
Emilia_Romagna_Grand_Prix,BEA,throttle,1,22.033898305084744,0.0,100.0,77.48899442737472
Emilia_Romagna_Grand_Prix,BEA,throttle,2,8.47457627118644,0.0,100.0,46.68109637806168
Emilia_Romagna_Grand_Prix,BEA,throttle,3,16.94915254237288,0.0,100.0,76.02844045089248
Emilia_Romagna_Grand_Prix,BEA,throttle,4,23.728813559322035,0.0,100.0,78.29023650564424
Emilia_Romagna_Grand_Prix,BEA,brake,0,28.8135593220339,0.0,1.0,0.18526047711265636
Emilia_Romagna_Grand_Prix,BEA,brake,1,22.033898305084744,0.0,1.0,0.16925181749398951
Emilia_Romagna_Grand_Prix,BEA,brake,2,8.47457627118644,0.0,1.0,0.20796052965444484
Emilia_Romagna_Grand_Prix,BEA,brake,3,16.94915254237288,0.0,1.0,0.18161510186634494
Emilia_Romagna_Grand_Prix,BEA,brake,4,23.728813559322035,0.0,1.0,0.1668090734252788
Emilia_Romagna_Grand_Prix,BEA,gear,0,28.8135593220339,1.0,8.0,5.618420168067226
Emilia_Romagna_Grand_Prix,BEA,gear,1,22.033898305084744,0.0,8.0,5.865802197802197
Emilia_Romagna_Grand_Prix,BEA,gear,2,8.47457627118644,1.0,9.0,4.9445
Emilia_Romagna_Grand_Prix,BEA,gear,3,16.94915254237288,3.0,8.0,5.8642
Emilia_Romagna_Grand_Prix,BEA,gear,4,23.728813559322035,0.0,8.0,5.786061904761905
Emilia_Romagna_Grand_Prix,BEA,acc_x,0,28.8135593220339,-49.65022240615026,18.416256064158482,0.46838268579502523
Emilia_Romagna_Grand_Prix,BEA,acc_x,1,22.033898305084744,-53.32750641165495,17.5933037727425,0.44735822302245076
Emilia_Romagna_Grand_Prix,BEA,acc_x,2,8.47457627118644,-58.766477187503966,15.342864936078751,-0.8555686185770152
Emilia_Romagna_Grand_Prix,BEA,acc_x,3,16.94915254237288,-51.34180648534253,16.4061348137836,0.2416118585899214
Emilia_Romagna_Grand_Prix,BEA,acc_x,4,23.728813559322035,-47.868715765787265,16.45919639249544,0.17197137265343096
Emilia_Romagna_Grand_Prix,BEA,acc_y,0,28.8135593220339,-52.665192672195886,52.36485309655547,1.9820935882066752
Emilia_Romagna_Grand_Prix,BEA,acc_y,1,22.033898305084744,-57.1092301104426,50.967222320834736,2.0461978002675747
Emilia_Romagna_Grand_Prix,BEA,acc_y,2,8.47457627118644,-69.47043854957877,59.96221202556953,1.45713759076697
Emilia_Romagna_Grand_Prix,BEA,acc_y,3,16.94915254237288,-51.99757796626143,48.00982560402499,2.266274501017639
Emilia_Romagna_Grand_Prix,BEA,acc_y,4,23.728813559322035,-52.13016120725903,57.02445549818658,2.1912202495872704
Emilia_Romagna_Grand_Prix,BEA,acc_z,0,28.8135593220339,-91.4705401546908,56.89019226751251,-1.1772117238098674
Emilia_Romagna_Grand_Prix,BEA,acc_z,1,22.033898305084744,-77.66118656519374,56.28884902870709,0.30805836186312685
Emilia_Romagna_Grand_Prix,BEA,acc_z,2,8.47457627118644,-62.761546799055125,38.485577900218814,-4.114758382990785
Emilia_Romagna_Grand_Prix,BEA,acc_z,3,16.94915254237288,-85.54984636577797,80.82141920336517,-2.5444994311239117
Emilia_Romagna_Grand_Prix,BEA,acc_z,4,23.728813559322035,-123.23318746338424,79.00190728898986,-0.9901658476048142
Emilia_Romagna_Grand_Prix,BOR,rpm,0,10.16949152542373,4855.74676987439,12034.896731723902,10489.480388792073
Emilia_Romagna_Grand_Prix,BOR,rpm,1,30.508474576271187,3025.629393718826,12158.321396159005,10642.699492821497
Emilia_Romagna_Grand_Prix,BOR,rpm,2,8.47457627118644,3135.819487757535,11920.044261359722,9300.793225628233
Emilia_Romagna_Grand_Prix,BOR,rpm,3,22.033898305084744,4023.796487910344,12205.722278711406,10498.107633322832
Emilia_Romagna_Grand_Prix,BOR,rpm,4,28.8135593220339,4302.219483298283,12205.511005531469,10561.033709687597
Emilia_Romagna_Grand_Prix,BOR,speed,0,10.16949152542373,56.0095739727486,334.0,225.4155205193755
Emilia_Romagna_Grand_Prix,BOR,speed,1,30.508474576271187,15.988304545679496,330.82298717691214,234.1358877795578
Emilia_Romagna_Grand_Prix,BOR,speed,2,8.47457627118644,2.248570070335986,294.0,166.46115625983703
Emilia_Romagna_Grand_Prix,BOR,speed,3,22.033898305084744,-5.681904721502047,337.5308142357365,228.11689500511997
Emilia_Romagna_Grand_Prix,BOR,speed,4,28.8135593220339,-2.5635213389121336,336.088090109789,230.30718085591118
Emilia_Romagna_Grand_Prix,BOR,throttle,0,10.16949152542373,0.0,100.0,72.51146589494469
Emilia_Romagna_Grand_Prix,BOR,throttle,1,30.508474576271187,0.0,100.0,74.9664578651268
Emilia_Romagna_Grand_Prix,BOR,throttle,2,8.47457627118644,0.0,100.0,48.37222046747547
Emilia_Romagna_Grand_Prix,BOR,throttle,3,22.033898305084744,0.0,100.0,76.6628566919812
Emilia_Romagna_Grand_Prix,BOR,throttle,4,28.8135593220339,0.0,100.0,76.21368727042356
Emilia_Romagna_Grand_Prix,BOR,brake,0,10.16949152542373,0.0,1.0,0.17573584326982947
Emilia_Romagna_Grand_Prix,BOR,brake,1,30.508474576271187,0.0,1.0,0.17008070654568505
Emilia_Romagna_Grand_Prix,BOR,brake,2,8.47457627118644,0.0,1.0,0.22415756693869193
Emilia_Romagna_Grand_Prix,BOR,brake,3,22.033898305084744,0.0,1.0,0.16447246375897248
Emilia_Romagna_Grand_Prix,BOR,brake,4,28.8135593220339,0.0,1.0,0.15905376367843158
Emilia_Romagna_Grand_Prix,BOR,gear,0,10.16949152542373,2.0,8.0,5.7843333333333335
Emilia_Romagna_Grand_Prix,BOR,gear,1,30.508474576271187,1.0,8.0,6.011037037037037
Emilia_Romagna_Grand_Prix,BOR,gear,2,8.47457627118644,1.0,7.142857142857142,4.6900571428571425
Emilia_Romagna_Grand_Prix,BOR,gear,3,22.033898305084744,1.0,8.0,5.670307692307692
Emilia_Romagna_Grand_Prix,BOR,gear,4,28.8135593220339,1.0,8.0,5.871482352941176
Emilia_Romagna_Grand_Prix,BOR,acc_x,0,10.16949152542373,-38.066001404210766,15.900012228013122,0.20747605069287484
Emilia_Romagna_Grand_Prix,BOR,acc_x,1,30.508474576271187,-37.49766343232929,18.202886369218604,0.13831496179429661
Emilia_Romagna_Grand_Prix,BOR,acc_x,2,8.47457627118644,-27.06686219970075,14.374954733655347,-0.04653693571684718
Emilia_Romagna_Grand_Prix,BOR,acc_x,3,22.033898305084744,-39.597541060052194,19.787689583217205,0.5017764619599734
Emilia_Romagna_Grand_Prix,BOR,acc_x,4,28.8135593220339,-43.09687673043835,17.89189976571721,0.26805521090762213
Emilia_Romagna_Grand_Prix,BOR,acc_y,0,10.16949152542373,-47.84125422103234,50.99315170464957,1.9338484781142133
Emilia_Romagna_Grand_Prix,BOR,acc_y,1,30.508474576271187,-54.65882517030101,55.6355007985984,2.3540143110621607
Emilia_Romagna_Grand_Prix,BOR,acc_y,2,8.47457627118644,-40.16486171035242,42.28152741205635,1.8393274437837186
Emilia_Romagna_Grand_Prix,BOR,acc_y,3,22.033898305084744,-51.00796931699161,47.307681212592435,1.5721722834276282
Emilia_Romagna_Grand_Prix,BOR,acc_y,4,28.8135593220339,-54.27639259555675,50.42460710914762,2.0165839867655277
Emilia_Romagna_Grand_Prix,BOR,acc_z,0,10.16949152542373,-81.2501331367378,63.01072589763467,-1.583290905551083
Emilia_Romagna_Grand_Prix,BOR,acc_z,1,30.508474576271187,-89.04181584863551,71.1099796136561,-1.7631116306193835
Emilia_Romagna_Grand_Prix,BOR,acc_z,2,8.47457627118644,-59.21086524144157,48.53076278580307,-2.3471943314392223
Emilia_Romagna_Grand_Prix,BOR,acc_z,3,22.033898305084744,-88.62768437472626,55.73496519322405,-1.501705656958269
Emilia_Romagna_Grand_Prix,BOR,acc_z,4,28.8135593220339,-94.93202219669658,66.03130489875036,-1.7694314094178554
Emilia_Romagna_Grand_Prix,COL,rpm,0,50.0,3455.0241969392036,12387.452928714065,10659.948382715264
Emilia_Romagna_Grand_Prix,COL,rpm,1,23.214285714285715,4620.198692187318,12282.936013712362,10758.781364024408
Emilia_Romagna_Grand_Prix,COL,rpm,2,3.571428571428571,4783.233219243859,12102.768353848443,10301.28572353977
Emilia_Romagna_Grand_Prix,COL,rpm,3,10.714285714285714,6300.318881214223,12164.893933602285,10693.725687281047
Emilia_Romagna_Grand_Prix,COL,rpm,4,12.5,5437.882458002841,12224.445420949529,10679.412669530451
Emilia_Romagna_Grand_Prix,COL,speed,0,50.0,-6.9857044175395755,346.03470527310316,220.96414259285828
Emilia_Romagna_Grand_Prix,COL,speed,1,23.214285714285715,28.23042051845661,361.06123799995584,236.49257973580836
Emilia_Romagna_Grand_Prix,COL,speed,2,3.571428571428571,62.567688578112396,317.239293779887,207.2284716890715
Emilia_Romagna_Grand_Prix,COL,speed,3,10.714285714285714,87.41566625442901,325.0201770166526,233.4210676522507
Emilia_Romagna_Grand_Prix,COL,speed,4,12.5,32.90980813249843,334.13064370929146,226.25121982614354
Emilia_Romagna_Grand_Prix,COL,throttle,0,50.0,0.0,100.0,72.57872403344965
Emilia_Romagna_Grand_Prix,COL,throttle,1,23.214285714285715,0.0,100.0,71.98268979170903
Emilia_Romagna_Grand_Prix,COL,throttle,2,3.571428571428571,0.0,100.0,51.79433616261521
Emilia_Romagna_Grand_Prix,COL,throttle,3,10.714285714285714,0.0,100.0,74.4290654540145
Emilia_Romagna_Grand_Prix,COL,throttle,4,12.5,0.0,100.0,74.0896865265672
Emilia_Romagna_Grand_Prix,COL,brake,0,50.0,0.0,1.0,0.17727750716553733
Emilia_Romagna_Grand_Prix,COL,brake,1,23.214285714285715,0.0,1.0,0.18116406768719637
Emilia_Romagna_Grand_Prix,COL,brake,2,3.571428571428571,0.0,1.0,0.1911713135906181
Emilia_Romagna_Grand_Prix,COL,brake,3,10.714285714285714,0.0,1.0,0.17515128742627364
Emilia_Romagna_Grand_Prix,COL,brake,4,12.5,0.0,1.0,0.17081321120588158
Emilia_Romagna_Grand_Prix,COL,gear,0,50.0,1.0,8.0,5.476914285714286
Emilia_Romagna_Grand_Prix,COL,gear,1,23.214285714285715,1.0,8.0,5.860945054945055
Emilia_Romagna_Grand_Prix,COL,gear,2,3.571428571428571,1.0,7.0,4.013
Emilia_Romagna_Grand_Prix,COL,gear,3,10.714285714285714,3.0,8.0,5.783
Emilia_Romagna_Grand_Prix,COL,gear,4,12.5,2.0,8.0,5.679533333333333
Emilia_Romagna_Grand_Prix,COL,acc_x,0,50.0,-51.146606142698054,19.110556053747576,0.2085724540602345
Emilia_Romagna_Grand_Prix,COL,acc_x,1,23.214285714285715,-47.91646209053074,20.609849660063606,0.27467734482097583
Emilia_Romagna_Grand_Prix,COL,acc_x,2,3.571428571428571,-36.58492223892684,15.507194295136006,1.0790956644384941
Emilia_Romagna_Grand_Prix,COL,acc_x,3,10.714285714285714,-44.49348931858469,15.73158105483197,0.21601798545158982
Emilia_Romagna_Grand_Prix,COL,acc_x,4,12.5,-47.18532277875637,18.023683844819423,0.1025165554692431
Emilia_Romagna_Grand_Prix,COL,acc_y,0,50.0,-50.97742748045411,51.477914697887314,1.4755033142464844
Emilia_Romagna_Grand_Prix,COL,acc_y,1,23.214285714285715,-51.52273163647477,52.55413991636791,1.8036754130344987
Emilia_Romagna_Grand_Prix,COL,acc_y,2,3.571428571428571,-39.581074808715286,40.84863573938912,2.9849523293719478
Emilia_Romagna_Grand_Prix,COL,acc_y,3,10.714285714285714,-49.014435335228825,48.65680198509709,1.8967881729118903
Emilia_Romagna_Grand_Prix,COL,acc_y,4,12.5,-51.21601680972966,54.16151705015613,2.7589325161062104
Emilia_Romagna_Grand_Prix,COL,acc_z,0,50.0,-79.32712508804975,64.85228192572217,-1.8790937501863474
Emilia_Romagna_Grand_Prix,COL,acc_z,1,23.214285714285715,-95.90603066162205,70.44403902934211,-1.0710423345556503
Emilia_Romagna_Grand_Prix,COL,acc_z,2,3.571428571428571,-60.28093800014055,26.904996962291314,7.26790648957007
Emilia_Romagna_Grand_Prix,COL,acc_z,3,10.714285714285714,-69.58666003921248,57.56504944190643,-3.2548730989336363
Emilia_Romagna_Grand_Prix,COL,acc_z,4,12.5,-74.17241236463457,68.05918987528446,-1.576850358280297
Emilia_Romagna_Grand_Prix,GAS,rpm,0,17.857142857142858,4303.836916003727,12134.715481811047,10367.641470829702
Emilia_Romagna_Grand_Prix,GAS,rpm,1,26.785714285714285,5090.4431202011165,12136.178509769812,10802.17852839504
Emilia_Romagna_Grand_Prix,GAS,rpm,2,5.357142857142857,4639.063335180808,11862.422893723979,9767.682513731324
Emilia_Romagna_Grand_Prix,GAS,rpm,3,25.0,3868.050625500087,12031.068637710487,10578.960902308943
Emilia_Romagna_Grand_Prix,GAS,rpm,4,25.0,3889.48443270495,12666.901029349789,10395.362585669573
Emilia_Romagna_Grand_Prix,GAS,speed,0,17.857142857142858,41.86464643918707,327.0,219.9030664197856
Emilia_Romagna_Grand_Prix,GAS,speed,1,26.785714285714285,61.39658550849215,330.99783123118857,238.4291498885783
Emilia_Romagna_Grand_Prix,GAS,speed,2,5.357142857142857,41.84447587559247,305.0,183.74487158221754
Emilia_Romagna_Grand_Prix,GAS,speed,3,25.0,-5.157230831155518,332.0,225.8400758228245
Emilia_Romagna_Grand_Prix,GAS,speed,4,25.0,-4.699091824558329,332.8920723759459,226.17081210741327
Emilia_Romagna_Grand_Prix,GAS,throttle,0,17.857142857142858,0.0,100.0,73.08930984717043
Emilia_Romagna_Grand_Prix,GAS,throttle,1,26.785714285714285,0.0,100.0,76.04036475708551
Emilia_Romagna_Grand_Prix,GAS,throttle,2,5.357142857142857,0.0,100.0,48.380874971426934
Emilia_Romagna_Grand_Prix,GAS,throttle,3,25.0,0.0,100.0,76.31054552492056
Emilia_Romagna_Grand_Prix,GAS,throttle,4,25.0,0.0,100.0,77.43871109268945
Emilia_Romagna_Grand_Prix,GAS,brake,0,17.857142857142858,0.0,1.0,0.17545088246307747
Emilia_Romagna_Grand_Prix,GAS,brake,1,26.785714285714285,0.0,1.0,0.16536358744772242
Emilia_Romagna_Grand_Prix,GAS,brake,2,5.357142857142857,0.0,1.0,0.22318723359123782
Emilia_Romagna_Grand_Prix,GAS,brake,3,25.0,0.0,1.0,0.1683673949685664
Emilia_Romagna_Grand_Prix,GAS,brake,4,25.0,0.0,1.0,0.16128203956528042
Emilia_Romagna_Grand_Prix,GAS,gear,0,17.857142857142858,1.0,8.0,5.49952
Emilia_Romagna_Grand_Prix,GAS,gear,1,26.785714285714285,2.0,8.0,5.9560603174603175
Emilia_Romagna_Grand_Prix,GAS,gear,2,5.357142857142857,1.0,8.0,4.812952380952381
Emilia_Romagna_Grand_Prix,GAS,gear,3,25.0,1.0,8.0,5.670857142857143
Emilia_Romagna_Grand_Prix,GAS,gear,4,25.0,1.0,8.0,5.614828571428572
Emilia_Romagna_Grand_Prix,GAS,acc_x,0,17.857142857142858,-39.3477038192622,17.210423875984365,0.593066647493608
Emilia_Romagna_Grand_Prix,GAS,acc_x,1,26.785714285714285,-44.63346853980583,17.87168342844184,0.15275222141632103
Emilia_Romagna_Grand_Prix,GAS,acc_x,2,5.357142857142857,-31.91924227124987,13.679052991315345,-0.3272365330465805
Emilia_Romagna_Grand_Prix,GAS,acc_x,3,25.0,-43.42708965103422,18.425704339345646,0.16535308603320267
Emilia_Romagna_Grand_Prix,GAS,acc_x,4,25.0,-39.974482058965776,16.055645396468837,0.5277802706130017
Emilia_Romagna_Grand_Prix,GAS,acc_y,0,17.857142857142858,-49.78459419040355,49.03838392784489,2.415823687447543
Emilia_Romagna_Grand_Prix,GAS,acc_y,1,26.785714285714285,-57.49673973511145,63.778582462512226,2.2419808730576634
Emilia_Romagna_Grand_Prix,GAS,acc_y,2,5.357142857142857,-42.09210780916978,39.24197709779076,2.2744533878235327
Emilia_Romagna_Grand_Prix,GAS,acc_y,3,25.0,-50.24427617981961,48.28089416705778,1.9708466888801068
Emilia_Romagna_Grand_Prix,GAS,acc_y,4,25.0,-48.3417341828088,50.65093032912156,2.1160511347178876
Emilia_Romagna_Grand_Prix,GAS,acc_z,0,17.857142857142858,-62.38140361408749,56.172199538342575,2.0580841154402947
Emilia_Romagna_Grand_Prix,GAS,acc_z,1,26.785714285714285,-85.21212752587903,58.4934926108909,-2.5254310578654153
Emilia_Romagna_Grand_Prix,GAS,acc_z,2,5.357142857142857,-83.59036936455766,52.40566722344037,-2.6903742415622203
Emilia_Romagna_Grand_Prix,GAS,acc_z,3,25.0,-79.87891250972368,55.55933837197719,-2.854644159196273
Emilia_Romagna_Grand_Prix,GAS,acc_z,4,25.0,-86.76629975044796,61.8519494965369,2.2505682278423644
Emilia_Romagna_Grand_Prix,HAD,rpm,0,36.84210526315789,4777.319718171208,12601.434244334338,10480.509210022108
Emilia_Romagna_Grand_Prix,HAD,rpm,1,10.526315789473683,6412.080440656457,12472.071470766798,10600.97123165261
Emilia_Romagna_Grand_Prix,HAD,rpm,2,7.017543859649122,5273.5308680132075,12439.665138581198,10094.810173238777
Emilia_Romagna_Grand_Prix,HAD,rpm,3,28.07017543859649,4151.870360462734,12960.115233585986,10516.555912366437
Emilia_Romagna_Grand_Prix,HAD,rpm,4,17.543859649122805,5676.695096389407,12562.844145278428,10527.829481984145
Emilia_Romagna_Grand_Prix,HAD,speed,0,36.84210526315789,-2.90164820018027,346.3157081457204,223.77885850480754
Emilia_Romagna_Grand_Prix,HAD,speed,1,10.526315789473683,88.30227623786845,331.9963364813884,239.38659154142462
Emilia_Romagna_Grand_Prix,HAD,speed,2,7.017543859649122,15.748559403398511,309.4213521298723,188.24392364510248
Emilia_Romagna_Grand_Prix,HAD,speed,3,28.07017543859649,0.29209368786377254,355.3801263367384,229.04700538114915
Emilia_Romagna_Grand_Prix,HAD,speed,4,17.543859649122805,43.4404008918567,329.0,229.1019911471229
Emilia_Romagna_Grand_Prix,HAD,throttle,0,36.84210526315789,0.0,100.0,74.14322916483789
Emilia_Romagna_Grand_Prix,HAD,throttle,1,10.526315789473683,0.0,100.0,74.65339361392752
Emilia_Romagna_Grand_Prix,HAD,throttle,2,7.017543859649122,0.0,100.0,53.424855058741734
Emilia_Romagna_Grand_Prix,HAD,throttle,3,28.07017543859649,0.0,100.0,74.48408783183282
Emilia_Romagna_Grand_Prix,HAD,throttle,4,17.543859649122805,0.0,100.0,76.27150566088194
Emilia_Romagna_Grand_Prix,HAD,brake,0,36.84210526315789,0.0,1.0,0.17970404538535434
Emilia_Romagna_Grand_Prix,HAD,brake,1,10.526315789473683,0.0,1.0,0.16232724748189942
Emilia_Romagna_Grand_Prix,HAD,brake,2,7.017543859649122,0.0,1.0,0.19000189367514952
Emilia_Romagna_Grand_Prix,HAD,brake,3,28.07017543859649,0.0,1.0,0.1626065079272533
Emilia_Romagna_Grand_Prix,HAD,brake,4,17.543859649122805,0.0,1.0,0.15591692435539126
Emilia_Romagna_Grand_Prix,HAD,gear,0,36.84210526315789,1.0,8.0,5.669504761904762
Emilia_Romagna_Grand_Prix,HAD,gear,1,10.526315789473683,3.0,8.0,6.044238095238096
Emilia_Romagna_Grand_Prix,HAD,gear,2,7.017543859649122,1.0,8.0,4.511428571428572
Emilia_Romagna_Grand_Prix,HAD,gear,3,28.07017543859649,1.0,8.0,5.71245
Emilia_Romagna_Grand_Prix,HAD,gear,4,17.543859649122805,1.0,8.0,5.73832
Emilia_Romagna_Grand_Prix,HAD,acc_x,0,36.84210526315789,-56.20896230922436,16.666609201417817,0.2619614592119864
Emilia_Romagna_Grand_Prix,HAD,acc_x,1,10.526315789473683,-58.17527007079015,18.027105709143544,-0.06616429023031033
Emilia_Romagna_Grand_Prix,HAD,acc_x,2,7.017543859649122,-35.63840991824424,14.616556753894269,-0.6102662906413714
Emilia_Romagna_Grand_Prix,HAD,acc_x,3,28.07017543859649,-36.802678167426585,17.80508316377501,0.29990971678073924
Emilia_Romagna_Grand_Prix,HAD,acc_x,4,17.543859649122805,-54.031567540661825,17.367235689347815,0.36605276511738993
Emilia_Romagna_Grand_Prix,HAD,acc_y,0,36.84210526315789,-52.149647741908275,50.62934529620314,1.640918798465251
Emilia_Romagna_Grand_Prix,HAD,acc_y,1,10.526315789473683,-60.642342827734396,56.83421584721958,2.207793614103653
Emilia_Romagna_Grand_Prix,HAD,acc_y,2,7.017543859649122,-45.30496390380542,47.288167543770285,2.0685176348842123
Emilia_Romagna_Grand_Prix,HAD,acc_y,3,28.07017543859649,-51.60306504222158,47.03673574077456,1.98332293787592
Emilia_Romagna_Grand_Prix,HAD,acc_y,4,17.543859649122805,-52.52279760303604,50.350078972787855,2.346759834380991
Emilia_Romagna_Grand_Prix,HAD,acc_z,0,36.84210526315789,-67.84599152132012,58.72289921170395,1.2763794972006748
Emilia_Romagna_Grand_Prix,HAD,acc_z,1,10.526315789473683,-103.76926512216852,37.6001494654533,-1.9131599586858474
Emilia_Romagna_Grand_Prix,HAD,acc_z,2,7.017543859649122,-58.86489506923358,54.39891187965415,-2.682092578218329
Emilia_Romagna_Grand_Prix,HAD,acc_z,3,28.07017543859649,-65.27650689460721,57.645856797729635,-3.5080497011507
Emilia_Romagna_Grand_Prix,HAD,acc_z,4,17.543859649122805,-67.19403955166071,73.51666400756748,-0.5698782224465587
Emilia_Romagna_Grand_Prix,HAM,rpm,0,28.07017543859649,4849.94905870915,12324.436201280829,10515.266117514222
Emilia_Romagna_Grand_Prix,HAM,rpm,1,15.789473684210526,6305.75576639245,12105.899457172181,10656.026786724004
Emilia_Romagna_Grand_Prix,HAM,rpm,2,8.771929824561402,3785.4656105458243,12166.94428628462,9373.723048698383
Emilia_Romagna_Grand_Prix,HAM,rpm,3,14.035087719298245,5076.929231510439,12071.978816668925,10375.901927369534
Emilia_Romagna_Grand_Prix,HAM,rpm,4,33.33333333333333,5117.4081980995925,12525.998171255942,10472.897614051066
Emilia_Romagna_Grand_Prix,HAM,speed,0,28.07017543859649,45.196470102782875,346.8717330833202,230.63551166641466
Emilia_Romagna_Grand_Prix,HAM,speed,1,15.789473684210526,48.527106187247746,337.0,236.40432946840292
Emilia_Romagna_Grand_Prix,HAM,speed,2,8.771929824561402,9.19084101566121,325.7262776113896,190.0124030262676
Emilia_Romagna_Grand_Prix,HAM,speed,3,14.035087719298245,2.6945188939700007,335.0148168751207,233.54237102884304
Emilia_Romagna_Grand_Prix,HAM,speed,4,33.33333333333333,4.317872149200998,340.3489727302989,228.58871796071264
Emilia_Romagna_Grand_Prix,HAM,throttle,0,28.07017543859649,0.0,100.0,74.03609244159055
Emilia_Romagna_Grand_Prix,HAM,throttle,1,15.789473684210526,0.0,100.0,76.78647598675059
Emilia_Romagna_Grand_Prix,HAM,throttle,2,8.771929824561402,0.0,100.0,53.39289284963503
Emilia_Romagna_Grand_Prix,HAM,throttle,3,14.035087719298245,0.0,100.0,76.60082496337427
Emilia_Romagna_Grand_Prix,HAM,throttle,4,33.33333333333333,0.0,100.0,78.66644769726629
Emilia_Romagna_Grand_Prix,HAM,brake,0,28.07017543859649,0.0,1.0,0.2118693283900649
Emilia_Romagna_Grand_Prix,HAM,brake,1,15.789473684210526,0.0,1.0,0.21066836130683103
Emilia_Romagna_Grand_Prix,HAM,brake,2,8.771929824561402,0.0,1.0,0.2437898645095568
Emilia_Romagna_Grand_Prix,HAM,brake,3,14.035087719298245,0.0,1.0,0.20612746151802053
Emilia_Romagna_Grand_Prix,HAM,brake,4,33.33333333333333,0.0,1.0,0.18633182784278834
Emilia_Romagna_Grand_Prix,HAM,gear,0,28.07017543859649,1.0,8.0,5.9528
Emilia_Romagna_Grand_Prix,HAM,gear,1,15.789473684210526,3.0,8.0,6.1334285714285715
Emilia_Romagna_Grand_Prix,HAM,gear,2,8.771929824561402,1.0,8.0,5.2184
Emilia_Romagna_Grand_Prix,HAM,gear,3,14.035087719298245,1.0,8.0,6.0779499999999995
Emilia_Romagna_Grand_Prix,HAM,gear,4,33.33333333333333,1.0,8.0,5.889747368421053
Emilia_Romagna_Grand_Prix,HAM,acc_x,0,28.07017543859649,-53.777462637009606,19.30368152735263,0.44009859899949216
Emilia_Romagna_Grand_Prix,HAM,acc_x,1,15.789473684210526,-62.90032937839989,18.839881751050264,-0.016827468397288544
Emilia_Romagna_Grand_Prix,HAM,acc_x,2,8.771929824561402,-72.40315309230782,14.806002749688378,-0.8252500970908957
Emilia_Romagna_Grand_Prix,HAM,acc_x,3,14.035087719298245,-54.521343576431896,16.538898065291672,0.43022823980013575
Emilia_Romagna_Grand_Prix,HAM,acc_x,4,33.33333333333333,-51.803243058439726,19.214833561134746,0.40890353130646906
Emilia_Romagna_Grand_Prix,HAM,acc_y,0,28.07017543859649,-49.80641940016558,52.58927052665032,2.1249293655166674
Emilia_Romagna_Grand_Prix,HAM,acc_y,1,15.789473684210526,-66.12382623681333,73.09153545760714,2.197285632413031
Emilia_Romagna_Grand_Prix,HAM,acc_y,2,8.771929824561402,-52.98703378988776,62.8078532713404,1.7906487561744222
Emilia_Romagna_Grand_Prix,HAM,acc_y,3,14.035087719298245,-49.091792146393196,49.38358946340255,1.9760755412799667
Emilia_Romagna_Grand_Prix,HAM,acc_y,4,33.33333333333333,-50.9558863818551,50.44543544774551,2.1910476342556198
Emilia_Romagna_Grand_Prix,HAM,acc_z,0,28.07017543859649,-79.66720810114842,61.07081397433798,-1.1766912060949588
Emilia_Romagna_Grand_Prix,HAM,acc_z,1,15.789473684210526,-86.50990142143826,63.23292396426153,-0.4552251576357628
Emilia_Romagna_Grand_Prix,HAM,acc_z,2,8.771929824561402,-55.098587387728855,52.483520480243854,-0.7411177024454337
Emilia_Romagna_Grand_Prix,HAM,acc_z,3,14.035087719298245,-67.05174955954713,64.85634137457345,-2.553959339932573
Emilia_Romagna_Grand_Prix,HAM,acc_z,4,33.33333333333333,-100.17152608759486,69.84171619419925,-2.1958999919098354
Emilia_Romagna_Grand_Prix,HUL,rpm,0,15.789473684210526,4514.833386353488,12548.301211251333,10570.693119545578
Emilia_Romagna_Grand_Prix,HUL,rpm,1,14.035087719298245,5373.436052234357,12445.386297726349,10605.43538734462
Emilia_Romagna_Grand_Prix,HUL,rpm,2,7.017543859649122,4806.387847402159,12027.892835671348,9703.675370792202
Emilia_Romagna_Grand_Prix,HUL,rpm,3,15.789473684210526,6467.860523696624,12380.627525782766,10627.571574871026
Emilia_Romagna_Grand_Prix,HUL,rpm,4,47.368421052631575,4317.154771709189,12505.88815551026,10540.266794799272
Emilia_Romagna_Grand_Prix,HUL,speed,0,15.789473684210526,38.55168044623646,331.9902108633995,229.6698993093531
Emilia_Romagna_Grand_Prix,HUL,speed,1,14.035087719298245,60.50946291988044,337.80182538159363,232.32674400374333
Emilia_Romagna_Grand_Prix,HUL,speed,2,7.017543859649122,42.13178561066127,304.0,190.2952714589081
Emilia_Romagna_Grand_Prix,HUL,speed,3,15.789473684210526,86.0,309.88213409152377,231.5186112331125
Emilia_Romagna_Grand_Prix,HUL,speed,4,47.368421052631575,-2.8146857789830637,334.04775908343066,225.86499169862543
Emilia_Romagna_Grand_Prix,HUL,throttle,0,15.789473684210526,0.0,100.0,74.0896507769595
Emilia_Romagna_Grand_Prix,HUL,throttle,1,14.035087719298245,0.0,100.0,74.32001039632627
Emilia_Romagna_Grand_Prix,HUL,throttle,2,7.017543859649122,0.0,100.0,49.35374981179021
Emilia_Romagna_Grand_Prix,HUL,throttle,3,15.789473684210526,0.0,100.0,76.84018709972132
Emilia_Romagna_Grand_Prix,HUL,throttle,4,47.368421052631575,0.0,100.0,76.94611096938863
Emilia_Romagna_Grand_Prix,HUL,brake,0,15.789473684210526,0.0,1.0,0.17396457607728305
Emilia_Romagna_Grand_Prix,HUL,brake,1,14.035087719298245,0.0,1.0,0.15789652514360253
Emilia_Romagna_Grand_Prix,HUL,brake,2,7.017543859649122,0.0,1.0,0.1877561107907184
Emilia_Romagna_Grand_Prix,HUL,brake,3,15.789473684210526,0.0,1.0,0.15160293875452752
Emilia_Romagna_Grand_Prix,HUL,brake,4,47.368421052631575,0.0,1.0,0.1582324962640213
Emilia_Romagna_Grand_Prix,HUL,gear,0,15.789473684210526,1.0,8.0,5.8617333333333335
Emilia_Romagna_Grand_Prix,HUL,gear,1,14.035087719298245,2.0,9.0,5.960023809523809
Emilia_Romagna_Grand_Prix,HUL,gear,2,7.017543859649122,1.0,8.0,5.1455
Emilia_Romagna_Grand_Prix,HUL,gear,3,15.789473684210526,3.0,8.0,5.9302222222222225
Emilia_Romagna_Grand_Prix,HUL,gear,4,47.368421052631575,1.0,8.0,5.738017283950618
Emilia_Romagna_Grand_Prix,HUL,acc_x,0,15.789473684210526,-44.51641524374547,17.92996301903674,0.32366759797162636
Emilia_Romagna_Grand_Prix,HUL,acc_x,1,14.035087719298245,-60.16207359479115,19.638896730548765,0.03628933779828261
Emilia_Romagna_Grand_Prix,HUL,acc_x,2,7.017543859649122,-37.68104681445868,14.266135602525491,-0.6729863961959561
Emilia_Romagna_Grand_Prix,HUL,acc_x,3,15.789473684210526,-42.47573633820557,16.818442615857194,0.3378590542912204
Emilia_Romagna_Grand_Prix,HUL,acc_x,4,47.368421052631575,-45.109857179224804,18.321487247586433,0.4268852906691536
Emilia_Romagna_Grand_Prix,HUL,acc_y,0,15.789473684210526,-50.577177692819525,47.31415393774725,1.6931987945265687
Emilia_Romagna_Grand_Prix,HUL,acc_y,1,14.035087719298245,-58.22117463499862,58.27190366988087,2.3201758695562296
Emilia_Romagna_Grand_Prix,HUL,acc_y,2,7.017543859649122,-39.7691414187765,43.64656117777015,2.2259105999098394
Emilia_Romagna_Grand_Prix,HUL,acc_y,3,15.789473684210526,-52.78673463189325,49.58107103189264,1.8997372151777288
Emilia_Romagna_Grand_Prix,HUL,acc_y,4,47.368421052631575,-57.69032343886854,56.6846128861698,1.8267005739152535
Emilia_Romagna_Grand_Prix,HUL,acc_z,0,15.789473684210526,-69.13654362577631,52.65202577702317,-0.9032837744155837
Emilia_Romagna_Grand_Prix,HUL,acc_z,1,14.035087719298245,-71.6464558381644,66.20532774240245,-1.5806216833858102
Emilia_Romagna_Grand_Prix,HUL,acc_z,2,7.017543859649122,-64.61120774993995,54.590409478516634,-2.278728038179133
Emilia_Romagna_Grand_Prix,HUL,acc_z,3,15.789473684210526,-66.75915768690088,51.393339022498424,-2.848742508775336
Emilia_Romagna_Grand_Prix,HUL,acc_z,4,47.368421052631575,-75.32886938043804,67.9872093145852,-1.0601169664239263
Emilia_Romagna_Grand_Prix,LAW,rpm,0,28.07017543859649,4087.989079256194,12321.809375550141,10590.764441510466
Emilia_Romagna_Grand_Prix,LAW,rpm,1,21.052631578947366,3187.6021151591813,12283.23307968793,10622.812713183546
Emilia_Romagna_Grand_Prix,LAW,rpm,2,5.263157894736842,4534.927351310928,12198.000358351592,9843.01190938908
Emilia_Romagna_Grand_Prix,LAW,rpm,3,26.31578947368421,3956.47495850842,12374.810454057146,10637.281779252096
Emilia_Romagna_Grand_Prix,LAW,rpm,4,19.298245614035086,5290.91746031527,12217.756715816755,10643.44651472701
Emilia_Romagna_Grand_Prix,LAW,speed,0,28.07017543859649,-4.7654140572669075,358.69595230670336,228.0397384125035
Emilia_Romagna_Grand_Prix,LAW,speed,1,21.052631578947366,22.229028508738622,390.90036552933805,230.5297681516508
Emilia_Romagna_Grand_Prix,LAW,speed,2,5.263157894736842,41.47374280289236,314.3822260924843,188.17437320096448
Emilia_Romagna_Grand_Prix,LAW,speed,3,26.31578947368421,4.868424988013032,336.98981728834156,224.10870332393642
Emilia_Romagna_Grand_Prix,LAW,speed,4,19.298245614035086,49.31522027413292,315.2434554776393,227.9199694200085
Emilia_Romagna_Grand_Prix,LAW,throttle,0,28.07017543859649,0.0,100.0,75.03230174737332
Emilia_Romagna_Grand_Prix,LAW,throttle,1,21.052631578947366,0.0,100.0,73.61722235596518
Emilia_Romagna_Grand_Prix,LAW,throttle,2,5.263157894736842,0.0,100.0,53.1749511630234
Emilia_Romagna_Grand_Prix,LAW,throttle,3,26.31578947368421,0.0,100.0,76.02330564593959
Emilia_Romagna_Grand_Prix,LAW,throttle,4,19.298245614035086,0.0,100.0,76.30229049092507
Emilia_Romagna_Grand_Prix,LAW,brake,0,28.07017543859649,0.0,1.0,0.17232972697092921
Emilia_Romagna_Grand_Prix,LAW,brake,1,21.052631578947366,0.0,1.0,0.17278118776814502
Emilia_Romagna_Grand_Prix,LAW,brake,2,5.263157894736842,0.0,1.0,0.21391314926541305
Emilia_Romagna_Grand_Prix,LAW,brake,3,26.31578947368421,0.0,1.0,0.16824537346089388
Emilia_Romagna_Grand_Prix,LAW,brake,4,19.298245614035086,0.0,1.0,0.16391483209707086
Emilia_Romagna_Grand_Prix,LAW,gear,0,28.07017543859649,1.0,8.0,5.600442261904762
Emilia_Romagna_Grand_Prix,LAW,gear,1,21.052631578947366,1.0,9.166666666666668,5.719539682539682
Emilia_Romagna_Grand_Prix,LAW,gear,2,5.263157894736842,1.0,8.0,4.6305555555555555
Emilia_Romagna_Grand_Prix,LAW,gear,3,26.31578947368421,1.0,8.0,5.586255238095238
Emilia_Romagna_Grand_Prix,LAW,gear,4,19.298245614035086,1.0,8.0,5.637709090909091
Emilia_Romagna_Grand_Prix,LAW,acc_x,0,28.07017543859649,-57.99241320376946,20.659635451503352,0.3856633390785767
Emilia_Romagna_Grand_Prix,LAW,acc_x,1,21.052631578947366,-51.71747532405108,21.4193780498622,0.14475156724103536
Emilia_Romagna_Grand_Prix,LAW,acc_x,2,5.263157894736842,-32.580139654866144,14.112514030988265,-0.5234196494152549
Emilia_Romagna_Grand_Prix,LAW,acc_x,3,26.31578947368421,-41.386874481220424,18.542793897110712,0.4024510303363209
Emilia_Romagna_Grand_Prix,LAW,acc_x,4,19.298245614035086,-46.924784189597766,16.563479316127754,0.25555988023998144
Emilia_Romagna_Grand_Prix,LAW,acc_y,0,28.07017543859649,-52.43676820465534,49.16623765244719,2.094536846096106
Emilia_Romagna_Grand_Prix,LAW,acc_y,1,21.052631578947366,-57.9193810286226,48.771226722233926,1.8574058433273695
Emilia_Romagna_Grand_Prix,LAW,acc_y,2,5.263157894736842,-36.13898214003642,41.00818906292275,1.4510951185762655
Emilia_Romagna_Grand_Prix,LAW,acc_y,3,26.31578947368421,-48.8553313159644,50.09327608057782,2.336280648585547
Emilia_Romagna_Grand_Prix,LAW,acc_y,4,19.298245614035086,-48.27064415337772,52.767732625047934,2.4395624450374243
Emilia_Romagna_Grand_Prix,LAW,acc_z,0,28.07017543859649,-81.0479794044029,90.59548066700937,1.825287390149871
Emilia_Romagna_Grand_Prix,LAW,acc_z,1,21.052631578947366,-76.87750361992225,100.47691137344566,-1.8500531427244102
Emilia_Romagna_Grand_Prix,LAW,acc_z,2,5.263157894736842,-48.32209052225398,66.75625158093254,1.5771064056570012
Emilia_Romagna_Grand_Prix,LAW,acc_z,3,26.31578947368421,-68.71810039865262,68.90964237368013,-5.564826546772731
Emilia_Romagna_Grand_Prix,LAW,acc_z,4,19.298245614035086,-68.50216492109413,59.467875907652356,-0.49755417250557005
Emilia_Romagna_Grand_Prix,LEC,rpm,0,14.545454545454545,2044.4063117789879,12332.912960877533,10575.13633576868
Emilia_Romagna_Grand_Prix,LEC,rpm,1,21.818181818181817,3720.7286656523956,12120.360511082115,10708.952664842378
Emilia_Romagna_Grand_Prix,LEC,rpm,2,5.454545454545454,5248.0977403090765,12050.12097977876,10027.213576388516
Emilia_Romagna_Grand_Prix,LEC,rpm,3,3.6363636363636362,6736.328345388184,12450.588847597091,10766.293820140832
Emilia_Romagna_Grand_Prix,LEC,rpm,4,54.54545454545454,3720.7907377909023,12778.310502432218,10496.834727379926
Emilia_Romagna_Grand_Prix,LEC,speed,0,14.545454545454545,-18.045941403399937,346.703521931736,229.97289991353676
Emilia_Romagna_Grand_Prix,LEC,speed,1,21.818181818181817,33.65857667932177,357.9166899889886,239.6540162321123
Emilia_Romagna_Grand_Prix,LEC,speed,2,5.454545454545454,46.03971461934714,333.44555954257237,200.25347289836336
Emilia_Romagna_Grand_Prix,LEC,speed,3,3.6363636363636362,58.61893511178941,335.9189496502861,229.22476974100658
Emilia_Romagna_Grand_Prix,LEC,speed,4,54.54545454545454,8.216919577664195,332.88038958245136,229.87372451583994
Emilia_Romagna_Grand_Prix,LEC,throttle,0,14.545454545454545,0.0,100.0,76.96860841505115
Emilia_Romagna_Grand_Prix,LEC,throttle,1,21.818181818181817,0.0,100.0,79.17428780256496
Emilia_Romagna_Grand_Prix,LEC,throttle,2,5.454545454545454,0.0,100.0,50.81594283272564
Emilia_Romagna_Grand_Prix,LEC,throttle,3,3.6363636363636362,0.0,100.0,78.5322456754639
Emilia_Romagna_Grand_Prix,LEC,throttle,4,54.54545454545454,0.0,100.0,80.0026280006204
Emilia_Romagna_Grand_Prix,LEC,brake,0,14.545454545454545,0.0,1.0,0.17532579384745314
Emilia_Romagna_Grand_Prix,LEC,brake,1,21.818181818181817,0.0,1.0,0.16069890047073404
Emilia_Romagna_Grand_Prix,LEC,brake,2,5.454545454545454,0.0,1.0,0.2208491843376632
Emilia_Romagna_Grand_Prix,LEC,brake,3,3.6363636363636362,0.0,1.0,0.17341795047551561
Emilia_Romagna_Grand_Prix,LEC,brake,4,54.54545454545454,0.0,1.0,0.15500979472219045
Emilia_Romagna_Grand_Prix,LEC,gear,0,14.545454545454545,1.0,8.0,5.8886
Emilia_Romagna_Grand_Prix,LEC,gear,1,21.818181818181817,1.0,8.0,6.046333333333333
Emilia_Romagna_Grand_Prix,LEC,gear,2,5.454545454545454,1.0,8.0,5.242
Emilia_Romagna_Grand_Prix,LEC,gear,3,3.6363636363636362,2.1666666666666665,8.0,5.7875
Emilia_Romagna_Grand_Prix,LEC,gear,4,54.54545454545454,1.0,8.0,5.828666666666667
Emilia_Romagna_Grand_Prix,LEC,acc_x,0,14.545454545454545,-53.0316223034644,17.731604088497154,0.23736773243618156
Emilia_Romagna_Grand_Prix,LEC,acc_x,1,21.818181818181817,-66.08351664765273,25.935386322978204,0.21485669363768947
Emilia_Romagna_Grand_Prix,LEC,acc_x,2,5.454545454545454,-57.58982442585324,15.399854094874193,-0.8095636930841268
Emilia_Romagna_Grand_Prix,LEC,acc_x,3,3.6363636363636362,-43.272913032672186,18.720112449467813,0.685395103006469
Emilia_Romagna_Grand_Prix,LEC,acc_x,4,54.54545454545454,-67.99653451165925,19.937638577501822,0.3878910293483341
Emilia_Romagna_Grand_Prix,LEC,acc_y,0,14.545454545454545,-48.97785907394692,45.05169151810779,2.385178558331301
Emilia_Romagna_Grand_Prix,LEC,acc_y,1,21.818181818181817,-89.17381449072232,79.52229964177732,1.9404025841098376
Emilia_Romagna_Grand_Prix,LEC,acc_y,2,5.454545454545454,-44.06910683029365,62.08740557912943,1.305763931673455
Emilia_Romagna_Grand_Prix,LEC,acc_y,3,3.6363636363636362,-45.697344430273276,43.6733767234439,3.066475786455644
Emilia_Romagna_Grand_Prix,LEC,acc_y,4,54.54545454545454,-56.68532280839823,53.04922487243901,1.3070036129106555
Emilia_Romagna_Grand_Prix,LEC,acc_z,0,14.545454545454545,-70.87969645332376,60.19853734767994,-0.7283641280248584
Emilia_Romagna_Grand_Prix,LEC,acc_z,1,21.818181818181817,-89.62297854228193,73.16471456884375,-2.237677575734439
Emilia_Romagna_Grand_Prix,LEC,acc_z,2,5.454545454545454,-72.95688862872555,72.39541323409911,-0.2543606526386692
Emilia_Romagna_Grand_Prix,LEC,acc_z,3,3.6363636363636362,-41.61525646400286,19.632410784337544,-5.189010532416486
Emilia_Romagna_Grand_Prix,LEC,acc_z,4,54.54545454545454,-89.82839369627803,74.55278394554361,-0.30395285733536886
Emilia_Romagna_Grand_Prix,NOR,rpm,0,19.298245614035086,6245.920601651847,12577.524311988454,10858.939435316848
Emilia_Romagna_Grand_Prix,NOR,rpm,1,8.771929824561402,6693.648334370598,12019.309546166769,10829.551464752565
Emilia_Romagna_Grand_Prix,NOR,rpm,2,8.771929824561402,4673.373343286605,12279.071169679686,10045.123483883288
Emilia_Romagna_Grand_Prix,NOR,rpm,3,24.561403508771928,4126.145782071333,12338.698744940317,10738.47091984004
Emilia_Romagna_Grand_Prix,NOR,rpm,4,38.59649122807017,4961.675513271097,12646.011172642038,10737.770816661698
Emilia_Romagna_Grand_Prix,NOR,speed,0,19.298245614035086,43.3255236030518,328.9450284580203,228.68493866716491
Emilia_Romagna_Grand_Prix,NOR,speed,1,8.771929824561402,77.29886101316542,305.0,240.67721127815926
Emilia_Romagna_Grand_Prix,NOR,speed,2,8.771929824561402,13.748969878622308,304.25990264975513,180.59292746548883
Emilia_Romagna_Grand_Prix,NOR,speed,3,24.561403508771928,2.5931418472014833,329.0,230.55412424906555
Emilia_Romagna_Grand_Prix,NOR,speed,4,38.59649122807017,-0.9998038700205516,330.7226292849052,230.54157043092152
Emilia_Romagna_Grand_Prix,NOR,throttle,0,19.298245614035086,0.0,100.0,72.40296683961041
Emilia_Romagna_Grand_Prix,NOR,throttle,1,8.771929824561402,0.0,100.0,76.33754292038672
Emilia_Romagna_Grand_Prix,NOR,throttle,2,8.771929824561402,0.0,100.0,44.12651292212413
Emilia_Romagna_Grand_Prix,NOR,throttle,3,24.561403508771928,0.0,100.0,74.21142627863317
Emilia_Romagna_Grand_Prix,NOR,throttle,4,38.59649122807017,0.0,100.0,76.91867986414097
Emilia_Romagna_Grand_Prix,NOR,brake,0,19.298245614035086,0.0,1.0,0.16531926255156926
Emilia_Romagna_Grand_Prix,NOR,brake,1,8.771929824561402,0.0,1.0,0.15327345106223053
Emilia_Romagna_Grand_Prix,NOR,brake,2,8.771929824561402,0.0,1.0,0.1536035611191358
Emilia_Romagna_Grand_Prix,NOR,brake,3,24.561403508771928,0.0,1.0,0.14066057381277247
Emilia_Romagna_Grand_Prix,NOR,brake,4,38.59649122807017,0.0,1.0,0.14011492872555717
Emilia_Romagna_Grand_Prix,NOR,gear,0,19.298245614035086,1.0,8.0,5.589660606060606
Emilia_Romagna_Grand_Prix,NOR,gear,1,8.771929824561402,2.0,8.0,6.059771428571429
Emilia_Romagna_Grand_Prix,NOR,gear,2,8.771929824561402,1.0,8.0,4.324114285714286
Emilia_Romagna_Grand_Prix,NOR,gear,3,24.561403508771928,1.0,8.0,5.722314285714285
Emilia_Romagna_Grand_Prix,NOR,gear,4,38.59649122807017,1.0,8.0,5.747145454545454
Emilia_Romagna_Grand_Prix,NOR,acc_x,0,19.298245614035086,-41.04774682538777,18.225228687318918,0.41109165705191886
Emilia_Romagna_Grand_Prix,NOR,acc_x,1,8.771929824561402,-44.9592827706138,19.178175980250444,0.2196512231544879
Emilia_Romagna_Grand_Prix,NOR,acc_x,2,8.771929824561402,-38.582396036715494,15.923044764906361,0.13383472389521509
Emilia_Romagna_Grand_Prix,NOR,acc_x,3,24.561403508771928,-43.35913747021634,17.510198647019024,0.22898461130430486
Emilia_Romagna_Grand_Prix,NOR,acc_x,4,38.59649122807017,-42.25977297217231,16.932819930247742,0.2512815310394141
Emilia_Romagna_Grand_Prix,NOR,acc_y,0,19.298245614035086,-51.5249817678397,52.19646842222061,2.172278476956272
Emilia_Romagna_Grand_Prix,NOR,acc_y,1,8.771929824561402,-57.69878483759121,52.69282520844611,1.9114531464722884
Emilia_Romagna_Grand_Prix,NOR,acc_y,2,8.771929824561402,-58.78206565233063,51.870253160886186,0.7092965729762762
Emilia_Romagna_Grand_Prix,NOR,acc_y,3,24.561403508771928,-55.816261066599296,53.93309381132987,1.9549630457673635
Emilia_Romagna_Grand_Prix,NOR,acc_y,4,38.59649122807017,-56.39840602602306,54.10801279192339,3.188322691326113
Emilia_Romagna_Grand_Prix,NOR,acc_z,0,19.298245614035086,-122.18233568679344,55.24938958879239,-1.1490257575158358
Emilia_Romagna_Grand_Prix,NOR,acc_z,1,8.771929824561402,-105.66991259100033,101.96828471741243,0.2948478623744815
Emilia_Romagna_Grand_Prix,NOR,acc_z,2,8.771929824561402,-78.90001851764092,37.541104900919365,0.7401467461795687
Emilia_Romagna_Grand_Prix,NOR,acc_z,3,24.561403508771928,-72.81029407289822,61.88439404797022,-1.8833293389141215
Emilia_Romagna_Grand_Prix,NOR,acc_z,4,38.59649122807017,-61.395371156116305,59.923317894703935,-0.8499436157367493
Emilia_Romagna_Grand_Prix,OCO,rpm,1,11.538461538461538,3694.526891663343,12219.968738405618,10500.400428616254
Emilia_Romagna_Grand_Prix,OCO,rpm,3,26.923076923076923,6567.2260326213345,12060.95528479793,10546.938229800744
Emilia_Romagna_Grand_Prix,OCO,rpm,4,61.53846153846154,3736.334931059894,12317.81485218382,10548.616119669843
Emilia_Romagna_Grand_Prix,OCO,speed,1,11.538461538461538,19.990196195314887,302.91671046497436,223.60195818830007
Emilia_Romagna_Grand_Prix,OCO,speed,3,26.923076923076923,90.15652617840406,309.99999999999994,231.20436830980267
Emilia_Romagna_Grand_Prix,OCO,speed,4,61.53846153846154,0.9501916387148936,309.80485592412265,228.81411686838865
Emilia_Romagna_Grand_Prix,OCO,throttle,1,11.538461538461538,0.0,100.0,79.05970608694955
Emilia_Romagna_Grand_Prix,OCO,throttle,3,26.923076923076923,0.0,100.0,77.94238334404409
Emilia_Romagna_Grand_Prix,OCO,throttle,4,61.53846153846154,0.0,100.0,78.6425802249385
Emilia_Romagna_Grand_Prix,OCO,brake,1,11.538461538461538,0.0,1.0,0.17301732100015177
Emilia_Romagna_Grand_Prix,OCO,brake,3,26.923076923076923,0.0,1.0,0.17648513364966759
Emilia_Romagna_Grand_Prix,OCO,brake,4,61.53846153846154,0.0,1.0,0.17536594953888618
Emilia_Romagna_Grand_Prix,OCO,gear,1,11.538461538461538,1.0,8.0,5.672
Emilia_Romagna_Grand_Prix,OCO,gear,3,26.923076923076923,3.0,8.0,5.949428571428571
Emilia_Romagna_Grand_Prix,OCO,gear,4,61.53846153846154,1.0,8.0,5.880425
Emilia_Romagna_Grand_Prix,OCO,acc_x,1,11.538461538461538,-38.93538360316515,17.11993865612169,0.46298317891606894
Emilia_Romagna_Grand_Prix,OCO,acc_x,3,26.923076923076923,-43.76733108853101,18.34478768807047,0.22486120148869462
Emilia_Romagna_Grand_Prix,OCO,acc_x,4,61.53846153846154,-47.859966542491065,19.864118256113862,0.3777163801933821
Emilia_Romagna_Grand_Prix,OCO,acc_y,1,11.538461538461538,-44.151512389340695,46.30870123518115,2.1866547825970004
Emilia_Romagna_Grand_Prix,OCO,acc_y,3,26.923076923076923,-48.05601808449229,49.51334951728612,2.274789341707113
Emilia_Romagna_Grand_Prix,OCO,acc_y,4,61.53846153846154,-52.99182126368491,51.35666338017385,2.0522752745487884
Emilia_Romagna_Grand_Prix,OCO,acc_z,1,11.538461538461538,-50.74040361454504,35.06467362538628,-1.2942138036311446
Emilia_Romagna_Grand_Prix,OCO,acc_z,3,26.923076923076923,-70.43716682292175,43.17173303041681,-1.3004897600195968
Emilia_Romagna_Grand_Prix,OCO,acc_z,4,61.53846153846154,-81.05894890085719,55.25993190000838,-1.7679454032457482
Emilia_Romagna_Grand_Prix,PIA,rpm,0,12.5,5473.855136432093,12093.825297654139,10649.191069204795
Emilia_Romagna_Grand_Prix,PIA,rpm,1,25.0,4617.507454850043,12263.819482618585,10662.332046392283
Emilia_Romagna_Grand_Prix,PIA,rpm,2,7.142857142857142,5715.612233279239,12050.334867502826,10402.33767640818
Emilia_Romagna_Grand_Prix,PIA,rpm,3,32.142857142857146,4379.185284531308,12483.821794382122,10646.124049423253
Emilia_Romagna_Grand_Prix,PIA,rpm,4,23.214285714285715,5648.816940747759,12652.121539042519,10711.047009229449
Emilia_Romagna_Grand_Prix,PIA,speed,0,12.5,0.9729921047283243,334.0,225.56081569681035
Emilia_Romagna_Grand_Prix,PIA,speed,1,25.0,22.792235600805817,326.13237050166555,234.2414639738219
Emilia_Romagna_Grand_Prix,PIA,speed,2,7.142857142857142,64.0,305.65559477101834,192.54590670749857
Emilia_Romagna_Grand_Prix,PIA,speed,3,32.142857142857146,-0.7412795273413176,357.727797203819,230.46173263531
Emilia_Romagna_Grand_Prix,PIA,speed,4,23.214285714285715,47.120542324415915,327.78402945430935,229.05780463737426
Emilia_Romagna_Grand_Prix,PIA,throttle,0,12.5,0.0,100.0,72.60592175270934
Emilia_Romagna_Grand_Prix,PIA,throttle,1,25.0,0.0,100.0,72.76287259637662
Emilia_Romagna_Grand_Prix,PIA,throttle,2,7.142857142857142,0.0,100.0,43.060391600904076
Emilia_Romagna_Grand_Prix,PIA,throttle,3,32.142857142857146,0.0,100.0,73.64091331075824
Emilia_Romagna_Grand_Prix,PIA,throttle,4,23.214285714285715,0.0,100.0,75.46043560852654
Emilia_Romagna_Grand_Prix,PIA,brake,0,12.5,0.0,1.0,0.16904127500065969
Emilia_Romagna_Grand_Prix,PIA,brake,1,25.0,0.0,1.0,0.16259825388579413
Emilia_Romagna_Grand_Prix,PIA,brake,2,7.142857142857142,0.0,1.0,0.12669435847026247
Emilia_Romagna_Grand_Prix,PIA,brake,3,32.142857142857146,0.0,1.0,0.15638934514839156
Emilia_Romagna_Grand_Prix,PIA,brake,4,23.214285714285715,0.0,1.0,0.14657831716522252
Emilia_Romagna_Grand_Prix,PIA,gear,0,12.5,1.0,8.0,5.7568
Emilia_Romagna_Grand_Prix,PIA,gear,1,25.0,1.0,8.0,5.888367346938775
Emilia_Romagna_Grand_Prix,PIA,gear,2,7.142857142857142,2.0,8.0,4.485857142857143
Emilia_Romagna_Grand_Prix,PIA,gear,3,32.142857142857146,1.0,8.0,5.829122222222222
Emilia_Romagna_Grand_Prix,PIA,gear,4,23.214285714285715,1.0,8.0,5.540215384615385
Emilia_Romagna_Grand_Prix,PIA,acc_x,0,12.5,-45.55305101436215,15.961780042065165,0.2954093725549929
Emilia_Romagna_Grand_Prix,PIA,acc_x,1,25.0,-35.94573801535673,17.26116196513016,0.21532991360167508
Emilia_Romagna_Grand_Prix,PIA,acc_x,2,7.142857142857142,-36.57168770295496,11.785925396223515,-0.15030147082750497
Emilia_Romagna_Grand_Prix,PIA,acc_x,3,32.142857142857146,-45.82514826829555,17.057106874038055,0.2601332140512601
Emilia_Romagna_Grand_Prix,PIA,acc_x,4,23.214285714285715,-44.66602807264187,18.22578034830508,0.06645692111264435
Emilia_Romagna_Grand_Prix,PIA,acc_y,0,12.5,-50.32021201286993,49.194475737249874,2.1909111561622843
Emilia_Romagna_Grand_Prix,PIA,acc_y,1,25.0,-74.12062966607905,69.38573869040154,2.3295296364483384
Emilia_Romagna_Grand_Prix,PIA,acc_y,2,7.142857142857142,-54.50168296647542,54.653266796686864,1.3308356329063469
Emilia_Romagna_Grand_Prix,PIA,acc_y,3,32.142857142857146,-56.03034780144853,58.23957755222291,2.205013530968344
Emilia_Romagna_Grand_Prix,PIA,acc_y,4,23.214285714285715,-54.439910125154626,53.09355249004174,1.59302802633111
Emilia_Romagna_Grand_Prix,PIA,acc_z,0,12.5,-70.71128511519635,47.4379408533407,-1.1142943488304777
Emilia_Romagna_Grand_Prix,PIA,acc_z,1,25.0,-80.58750036366858,112.78052876063987,-0.012335744333252982
Emilia_Romagna_Grand_Prix,PIA,acc_z,2,7.142857142857142,-106.36588939326249,97.90573541597826,4.604043377750336
Emilia_Romagna_Grand_Prix,PIA,acc_z,3,32.142857142857146,-76.99974806455997,65.14883563025768,-3.040251383776563
Emilia_Romagna_Grand_Prix,PIA,acc_z,4,23.214285714285715,-76.21853619394628,40.33731428582142,-0.2745946284644462
Emilia_Romagna_Grand_Prix,RUS,rpm,0,12.727272727272727,6450.725008826268,12261.57364309324,10762.892720076008
Emilia_Romagna_Grand_Prix,RUS,rpm,1,23.636363636363637,4876.009846454519,12519.887679565443,10722.661677723674
Emilia_Romagna_Grand_Prix,RUS,rpm,2,3.6363636363636362,5009.018463266721,11979.834936673084,9861.183291705624
Emilia_Romagna_Grand_Prix,RUS,rpm,3,20.0,4444.979489510151,12221.077641126629,10611.389753827641
Emilia_Romagna_Grand_Prix,RUS,rpm,4,40.0,4733.902562436124,12496.601475471492,10626.32098311475
Emilia_Romagna_Grand_Prix,RUS,speed,0,12.727272727272727,86.8621964136002,343.665929964886,236.79402838054696
Emilia_Romagna_Grand_Prix,RUS,speed,1,23.636363636363637,18.771318128809273,325.0,232.3737061045231
Emilia_Romagna_Grand_Prix,RUS,speed,2,3.6363636363636362,45.188782437333955,331.8775894857974,186.87690125894753
Emilia_Romagna_Grand_Prix,RUS,speed,3,20.0,2.040196477931255,351.95090091275557,230.42417451347868
Emilia_Romagna_Grand_Prix,RUS,speed,4,40.0,1.91219841341859,322.7587665462186,228.3977795781153
Emilia_Romagna_Grand_Prix,RUS,throttle,0,12.727272727272727,0.0,100.0,71.48773386507158
Emilia_Romagna_Grand_Prix,RUS,throttle,1,23.636363636363637,0.0,100.0,75.22959758405963
Emilia_Romagna_Grand_Prix,RUS,throttle,2,3.6363636363636362,0.0,100.0,51.15863434495559
Emilia_Romagna_Grand_Prix,RUS,throttle,3,20.0,0.0,100.0,75.69464234079051
Emilia_Romagna_Grand_Prix,RUS,throttle,4,40.0,0.0,100.0,76.17883739074378
Emilia_Romagna_Grand_Prix,RUS,brake,0,12.727272727272727,0.0,1.0,0.16682710654105867
Emilia_Romagna_Grand_Prix,RUS,brake,1,23.636363636363637,0.0,1.0,0.15406896808120146
Emilia_Romagna_Grand_Prix,RUS,brake,2,3.6363636363636362,0.0,1.0,0.16919843538409932
Emilia_Romagna_Grand_Prix,RUS,brake,3,20.0,0.0,1.0,0.14369775540511545
Emilia_Romagna_Grand_Prix,RUS,brake,4,40.0,0.0,1.0,0.14223640088003914
Emilia_Romagna_Grand_Prix,RUS,gear,0,12.727272727272727,3.0,8.0,6.094244897959183
Emilia_Romagna_Grand_Prix,RUS,gear,1,23.636363636363637,1.0,8.0,6.037604395604395
Emilia_Romagna_Grand_Prix,RUS,gear,2,3.6363636363636362,1.0,8.0,4.799
Emilia_Romagna_Grand_Prix,RUS,gear,3,20.0,1.0,8.0,5.826181818181818
Emilia_Romagna_Grand_Prix,RUS,gear,4,40.0,1.0,8.0,5.830854545454546
Emilia_Romagna_Grand_Prix,RUS,acc_x,0,12.727272727272727,-50.87786799229089,16.678989066190287,0.37434859102794443
Emilia_Romagna_Grand_Prix,RUS,acc_x,1,23.636363636363637,-76.00778416263978,20.935418521378317,0.23660633683946133
Emilia_Romagna_Grand_Prix,RUS,acc_x,2,3.6363636363636362,-37.19750924545076,12.208847798068945,-0.28133685585297286
Emilia_Romagna_Grand_Prix,RUS,acc_x,3,20.0,-63.40889585821111,19.220403898244644,0.3878108904183247
Emilia_Romagna_Grand_Prix,RUS,acc_x,4,40.0,-57.798948435301426,17.583660026826976,0.21397368993201432
Emilia_Romagna_Grand_Prix,RUS,acc_y,0,12.727272727272727,-53.165692086255724,47.50962456288345,2.172259796989454
Emilia_Romagna_Grand_Prix,RUS,acc_y,1,23.636363636363637,-69.51477383552506,72.86042586236607,2.2994627892466166
Emilia_Romagna_Grand_Prix,RUS,acc_y,2,3.6363636363636362,-30.777782126096902,35.677051780550215,1.4594870617815232
Emilia_Romagna_Grand_Prix,RUS,acc_y,3,20.0,-51.85887191505633,53.18876540886301,1.6496517315692598
Emilia_Romagna_Grand_Prix,RUS,acc_y,4,40.0,-55.64691180960368,51.7784536948065,1.9021147830202303
Emilia_Romagna_Grand_Prix,RUS,acc_z,0,12.727272727272727,-95.40768037264277,70.07578531361628,-2.6618731856070674
Emilia_Romagna_Grand_Prix,RUS,acc_z,1,23.636363636363637,-81.44731473056305,60.37451203696841,-1.6434436976774003
Emilia_Romagna_Grand_Prix,RUS,acc_z,2,3.6363636363636362,-71.26960715596256,41.80687021568131,-1.2051889939201483
Emilia_Romagna_Grand_Prix,RUS,acc_z,3,20.0,-82.8985882990458,60.46992934245395,-4.120222495477795
Emilia_Romagna_Grand_Prix,RUS,acc_z,4,40.0,-77.59228627586377,61.246532130864324,-0.3423949733355905
Emilia_Romagna_Grand_Prix,SAI,rpm,0,14.285714285714285,5085.44526666878,12284.038059282879,10600.67850886239
Emilia_Romagna_Grand_Prix,SAI,rpm,1,25.0,4629.574218383006,12445.166631939595,10684.101463268578
Emilia_Romagna_Grand_Prix,SAI,rpm,2,7.142857142857142,5695.979633317289,12232.608537668879,10138.081086338861
Emilia_Romagna_Grand_Prix,SAI,rpm,3,8.928571428571429,4588.153009981439,12479.358179125238,10471.309033896885
Emilia_Romagna_Grand_Prix,SAI,rpm,4,44.642857142857146,4070.6831049352754,12480.461852906785,10573.851272890577
Emilia_Romagna_Grand_Prix,SAI,speed,0,14.285714285714285,55.31923289468439,332.3889824762681,231.26430021331072
Emilia_Romagna_Grand_Prix,SAI,speed,1,25.0,33.923985632121024,337.1352904318204,235.14659894105898
Emilia_Romagna_Grand_Prix,SAI,speed,2,7.142857142857142,54.37340701159871,336.3039361795178,195.9276454400755
Emilia_Romagna_Grand_Prix,SAI,speed,3,8.928571428571429,51.14616864780479,313.9084961827185,226.1988899789012
Emilia_Romagna_Grand_Prix,SAI,speed,4,44.642857142857146,-8.049054225743165,335.0,226.4435690315279
Emilia_Romagna_Grand_Prix,SAI,throttle,0,14.285714285714285,0.0,100.0,73.05581337026358
Emilia_Romagna_Grand_Prix,SAI,throttle,1,25.0,0.0,100.0,73.33227989837889
Emilia_Romagna_Grand_Prix,SAI,throttle,2,7.142857142857142,0.0,100.0,47.181463802321346
Emilia_Romagna_Grand_Prix,SAI,throttle,3,8.928571428571429,0.0,100.0,75.68169901371634
Emilia_Romagna_Grand_Prix,SAI,throttle,4,44.642857142857146,0.0,100.0,74.93198452370721
Emilia_Romagna_Grand_Prix,SAI,brake,0,14.285714285714285,0.0,1.0,0.17843428665665842
Emilia_Romagna_Grand_Prix,SAI,brake,1,25.0,0.0,1.0,0.18156301099319386
Emilia_Romagna_Grand_Prix,SAI,brake,2,7.142857142857142,0.0,1.0,0.1954177121655673
Emilia_Romagna_Grand_Prix,SAI,brake,3,8.928571428571429,0.0,1.0,0.15759086398099348
Emilia_Romagna_Grand_Prix,SAI,brake,4,44.642857142857146,0.0,1.0,0.1648311994661679
Emilia_Romagna_Grand_Prix,SAI,gear,0,14.285714285714285,1.0,8.0,6.0105
Emilia_Romagna_Grand_Prix,SAI,gear,1,25.0,1.0,8.0,6.08069387755102
Emilia_Romagna_Grand_Prix,SAI,gear,2,7.142857142857142,1.0,8.0,4.901785714285714
Emilia_Romagna_Grand_Prix,SAI,gear,3,8.928571428571429,1.0,8.0,5.86648
Emilia_Romagna_Grand_Prix,SAI,gear,4,44.642857142857146,1.0,8.0,5.92012
Emilia_Romagna_Grand_Prix,SAI,acc_x,0,14.285714285714285,-39.5770930516624,18.967806047024915,0.43721609889129426
Emilia_Romagna_Grand_Prix,SAI,acc_x,1,25.0,-61.30884287105937,20.182080575637528,0.08998609650880358
Emilia_Romagna_Grand_Prix,SAI,acc_x,2,7.142857142857142,-36.1043824436617,16.456591356151414,-0.3773923333108306
Emilia_Romagna_Grand_Prix,SAI,acc_x,3,8.928571428571429,-41.260003576812736,16.76420342063444,0.7477038084039389
Emilia_Romagna_Grand_Prix,SAI,acc_x,4,44.642857142857146,-57.46761111411561,20.276562670224795,0.5082317629897857
Emilia_Romagna_Grand_Prix,SAI,acc_y,0,14.285714285714285,-55.77330095898308,50.49815372644012,1.795412688481016
Emilia_Romagna_Grand_Prix,SAI,acc_y,1,25.0,-57.311719966726656,72.37514569326302,2.1652579046594185
Emilia_Romagna_Grand_Prix,SAI,acc_y,2,7.142857142857142,-49.935617138948,54.37909685305623,1.8018493895180363
Emilia_Romagna_Grand_Prix,SAI,acc_y,3,8.928571428571429,-57.68091917079441,50.99967808929761,1.5272990149283883
Emilia_Romagna_Grand_Prix,SAI,acc_y,4,44.642857142857146,-49.29012491404927,52.31685382935232,2.084808040024587
Emilia_Romagna_Grand_Prix,SAI,acc_z,0,14.285714285714285,-62.10593499188424,56.273465158789236,-1.8530770950943325
Emilia_Romagna_Grand_Prix,SAI,acc_z,1,25.0,-105.88566681106694,48.81564719217457,-0.9662678309892612
Emilia_Romagna_Grand_Prix,SAI,acc_z,2,7.142857142857142,-70.50191395838534,46.64549299885537,-1.026458749267836
Emilia_Romagna_Grand_Prix,SAI,acc_z,3,8.928571428571429,-67.41722357181537,49.90037800172104,-4.089715819354519
Emilia_Romagna_Grand_Prix,SAI,acc_z,4,44.642857142857146,-72.29709498026165,97.97288879236335,-2.0253125903653078
Emilia_Romagna_Grand_Prix,STR,rpm,0,42.3728813559322,5161.385496686268,12793.138847485612,10684.151177226662
Emilia_Romagna_Grand_Prix,STR,rpm,1,20.33898305084746,6417.87791287395,12732.059631463684,10765.936827829231
Emilia_Romagna_Grand_Prix,STR,rpm,2,8.47457627118644,3769.4610795215676,12750.81664302197,9778.276417732812
Emilia_Romagna_Grand_Prix,STR,rpm,3,15.254237288135593,5166.572108567887,12384.707512383782,10636.622411417378
Emilia_Romagna_Grand_Prix,STR,rpm,4,13.559322033898304,274.87767719135445,12669.479870329113,10635.933884051554
Emilia_Romagna_Grand_Prix,STR,speed,0,42.3728813559322,51.072124443327944,349.5689591736416,230.9638977367961
Emilia_Romagna_Grand_Prix,STR,speed,1,20.33898305084746,78.45443821767086,335.09434927853414,236.07431859407
Emilia_Romagna_Grand_Prix,STR,speed,2,8.47457627118644,-4.447620375152293,306.0,170.43865797199763
Emilia_Romagna_Grand_Prix,STR,speed,3,15.254237288135593,44.52163057387587,342.0,221.24504093623514
Emilia_Romagna_Grand_Prix,STR,speed,4,13.559322033898304,-116.75146394510347,344.4977955905649,219.96648569984345
Emilia_Romagna_Grand_Prix,STR,throttle,0,42.3728813559322,0.0,100.59863211068455,70.9123090848928
Emilia_Romagna_Grand_Prix,STR,throttle,1,20.33898305084746,0.0,100.5045090297888,71.61812887165206
Emilia_Romagna_Grand_Prix,STR,throttle,2,8.47457627118644,0.0,100.43936612295875,45.59257212364442
Emilia_Romagna_Grand_Prix,STR,throttle,3,15.254237288135593,0.0,100.0,72.88830794325506
Emilia_Romagna_Grand_Prix,STR,throttle,4,13.559322033898304,0.0,100.0335983814951,73.07134037019291
Emilia_Romagna_Grand_Prix,STR,brake,0,42.3728813559322,0.0,1.0,0.16053144908636113
Emilia_Romagna_Grand_Prix,STR,brake,1,20.33898305084746,0.0,1.0,0.15561671353443499
Emilia_Romagna_Grand_Prix,STR,brake,2,8.47457627118644,0.0,1.0,0.20163775747879578
Emilia_Romagna_Grand_Prix,STR,brake,3,15.254237288135593,0.0,1.0,0.15193380521918345
Emilia_Romagna_Grand_Prix,STR,brake,4,13.559322033898304,0.0,1.0,0.14900392254784112
Emilia_Romagna_Grand_Prix,STR,gear,0,42.3728813559322,1.0,8.0,5.89064
Emilia_Romagna_Grand_Prix,STR,gear,1,20.33898305084746,1.0,8.0,6.1052857142857135
Emilia_Romagna_Grand_Prix,STR,gear,2,8.47457627118644,1.0,8.0,4.4536
Emilia_Romagna_Grand_Prix,STR,gear,3,15.254237288135593,1.0,8.0,5.634533333333334
Emilia_Romagna_Grand_Prix,STR,gear,4,13.559322033898304,-1.8000000000000003,8.0,5.647600000000001
Emilia_Romagna_Grand_Prix,STR,acc_x,0,42.3728813559322,-52.24738127001508,18.734840767445625,0.18738668668195121
Emilia_Romagna_Grand_Prix,STR,acc_x,1,20.33898305084746,-46.75667174686192,18.68033637968729,-0.01814233921944655
Emilia_Romagna_Grand_Prix,STR,acc_x,2,8.47457627118644,-33.47073597053145,19.732405901129397,0.4706475748748861
Emilia_Romagna_Grand_Prix,STR,acc_x,3,15.254237288135593,-55.58789095666656,16.335891568914708,0.521373838067022
Emilia_Romagna_Grand_Prix,STR,acc_x,4,13.559322033898304,-56.843165172964675,18.219334489656635,0.3542827510435255
Emilia_Romagna_Grand_Prix,STR,acc_y,0,42.3728813559322,-50.15334433232886,51.25241089438513,1.9115335762252594
Emilia_Romagna_Grand_Prix,STR,acc_y,1,20.33898305084746,-58.79189926184055,51.66431860925595,1.8960658871093914
Emilia_Romagna_Grand_Prix,STR,acc_y,2,8.47457627118644,-46.749909285922385,38.49581641265611,1.6172720045413393
Emilia_Romagna_Grand_Prix,STR,acc_y,3,15.254237288135593,-50.79160056723472,53.53729178637366,2.4726848764285014
Emilia_Romagna_Grand_Prix,STR,acc_y,4,13.559322033898304,-52.61511318744167,46.78747611092598,1.9658916842839569
Emilia_Romagna_Grand_Prix,STR,acc_z,0,42.3728813559322,-79.23516603854662,75.8050164811127,-0.23623457867118486
Emilia_Romagna_Grand_Prix,STR,acc_z,1,20.33898305084746,-84.45142507443242,56.344682378346384,0.01071176473774733
Emilia_Romagna_Grand_Prix,STR,acc_z,2,8.47457627118644,-58.539345975181035,48.45470416824174,-3.4306644653573275
Emilia_Romagna_Grand_Prix,STR,acc_z,3,15.254237288135593,-72.74346176079035,49.45383306245342,-2.648898989177503
Emilia_Romagna_Grand_Prix,STR,acc_z,4,13.559322033898304,-75.47264234110627,85.82816760442205,-0.9181858792539783
Emilia_Romagna_Grand_Prix,TSU,rpm,0,59.64912280701754,3474.2404175775655,12536.495902317682,10629.88148491259
Emilia_Romagna_Grand_Prix,TSU,rpm,1,7.017543859649122,6576.7559810170405,12134.429045591236,10661.272587086241
Emilia_Romagna_Grand_Prix,TSU,rpm,2,7.017543859649122,4747.663807615208,12069.142442752578,9982.93205379761
Emilia_Romagna_Grand_Prix,TSU,rpm,3,14.035087719298245,3273.284273065273,12051.957145302182,10571.702655398425
Emilia_Romagna_Grand_Prix,TSU,rpm,4,12.280701754385964,4715.749453556762,12261.846967858692,10401.433573190365
Emilia_Romagna_Grand_Prix,TSU,speed,0,59.64912280701754,7.556269123579391,341.49505459183854,229.57659056696986
Emilia_Romagna_Grand_Prix,TSU,speed,1,7.017543859649122,88.14794583776275,362.36931092529585,239.60063083055135
Emilia_Romagna_Grand_Prix,TSU,speed,2,7.017543859649122,53.51610021837606,308.0,190.2807338433087
Emilia_Romagna_Grand_Prix,TSU,speed,3,14.035087719298245,1.9492370608973886,335.99999999999994,225.9801036454855
Emilia_Romagna_Grand_Prix,TSU,speed,4,12.280701754385964,45.293421384472516,314.4941029627214,225.94244648035618
Emilia_Romagna_Grand_Prix,TSU,throttle,0,59.64912280701754,0.0,100.0,72.223874008947
Emilia_Romagna_Grand_Prix,TSU,throttle,1,7.017543859649122,0.0,100.0,72.36332665393586
Emilia_Romagna_Grand_Prix,TSU,throttle,2,7.017543859649122,0.0,100.0,44.18305454353058
Emilia_Romagna_Grand_Prix,TSU,throttle,3,14.035087719298245,0.0,100.0,72.64499155094725
Emilia_Romagna_Grand_Prix,TSU,throttle,4,12.280701754385964,0.0,100.0,76.00664847532157
Emilia_Romagna_Grand_Prix,TSU,brake,0,59.64912280701754,0.0,1.0,0.17331397173489466
Emilia_Romagna_Grand_Prix,TSU,brake,1,7.017543859649122,0.0,1.0,0.17228300466835206
Emilia_Romagna_Grand_Prix,TSU,brake,2,7.017543859649122,0.0,1.0,0.1449234403215567
Emilia_Romagna_Grand_Prix,TSU,brake,3,14.035087719298245,0.0,1.0,0.1721881497629218
Emilia_Romagna_Grand_Prix,TSU,brake,4,12.280701754385964,0.0,1.0,0.15356847453879963
Emilia_Romagna_Grand_Prix,TSU,gear,0,59.64912280701754,1.0,8.0,5.653152661064426
Emilia_Romagna_Grand_Prix,TSU,gear,1,7.017543859649122,3.0,9.0,5.944
Emilia_Romagna_Grand_Prix,TSU,gear,2,7.017543859649122,2.0,8.0,4.6505
Emilia_Romagna_Grand_Prix,TSU,gear,3,14.035087719298245,1.0,8.0,5.665850000000001
Emilia_Romagna_Grand_Prix,TSU,gear,4,12.280701754385964,1.0,8.0,5.389542857142858
Emilia_Romagna_Grand_Prix,TSU,acc_x,0,59.64912280701754,-53.532687127974825,19.03730717621626,0.21802802033152338
Emilia_Romagna_Grand_Prix,TSU,acc_x,1,7.017543859649122,-46.69284416098074,21.06339724267672,0.4690878950845483
Emilia_Romagna_Grand_Prix,TSU,acc_x,2,7.017543859649122,-37.32361546138219,13.712675620287502,0.33528771258433926
Emilia_Romagna_Grand_Prix,TSU,acc_x,3,14.035087719298245,-40.52241485916934,15.977111267915387,0.25861777630942934
Emilia_Romagna_Grand_Prix,TSU,acc_x,4,12.280701754385964,-56.29817408795714,18.309056073750195,0.6075762639492863
Emilia_Romagna_Grand_Prix,TSU,acc_y,0,59.64912280701754,-53.63703983439943,57.16194242823953,1.8043992926619816
Emilia_Romagna_Grand_Prix,TSU,acc_y,1,7.017543859649122,-52.753801730690824,59.0386454344396,2.8459638292919665
Emilia_Romagna_Grand_Prix,TSU,acc_y,2,7.017543859649122,-44.920970979953665,42.03520200149613,1.918482176171088
Emilia_Romagna_Grand_Prix,TSU,acc_y,3,14.035087719298245,-53.232374294139866,49.80455733261904,2.223452140480465
Emilia_Romagna_Grand_Prix,TSU,acc_y,4,12.280701754385964,-50.168564407545176,50.82532533125252,3.5284223381537365
Emilia_Romagna_Grand_Prix,TSU,acc_z,0,59.64912280701754,-89.33549798483325,66.57265655534263,-0.4474844441763482
Emilia_Romagna_Grand_Prix,TSU,acc_z,1,7.017543859649122,-70.99788274719816,70.92851841559198,-3.1025956639571066
Emilia_Romagna_Grand_Prix,TSU,acc_z,2,7.017543859649122,-66.21941032026123,54.22640669564996,-2.798311168215017
Emilia_Romagna_Grand_Prix,TSU,acc_z,3,14.035087719298245,-65.69519188669705,60.84370952238954,-3.3461883386027758
Emilia_Romagna_Grand_Prix,TSU,acc_z,4,12.280701754385964,-61.7326410571557,43.228257456677525,-4.433041675260696
Emilia_Romagna_Grand_Prix,VER,rpm,0,5.660377358490567,7164.4724341322,11907.59243901119,10586.160126094015
Emilia_Romagna_Grand_Prix,VER,rpm,1,22.641509433962266,4211.872455770849,12098.681679906753,10648.338127416733
Emilia_Romagna_Grand_Prix,VER,rpm,3,22.641509433962266,6566.384972054429,12062.68030263723,10586.335084309832
Emilia_Romagna_Grand_Prix,VER,rpm,4,49.056603773584904,3299.2447718229205,12051.07390720095,10259.302200235046
Emilia_Romagna_Grand_Prix,VER,speed,0,5.660377358490567,97.12669943570812,310.80189630472734,235.127018288982
Emilia_Romagna_Grand_Prix,VER,speed,1,22.641509433962266,56.57134574132696,314.0474141763774,237.2407855121888
Emilia_Romagna_Grand_Prix,VER,speed,3,22.641509433962266,34.996924401804314,304.0,230.42810578805938
Emilia_Romagna_Grand_Prix,VER,speed,4,49.056603773584904,1.111803602335546,307.0,226.05407059992677
Emilia_Romagna_Grand_Prix,VER,throttle,0,5.660377358490567,0.0,100.0,75.28451007353834
Emilia_Romagna_Grand_Prix,VER,throttle,1,22.641509433962266,0.0,100.0,73.67881427454489
Emilia_Romagna_Grand_Prix,VER,throttle,3,22.641509433962266,0.0,100.0,74.20306250724369
Emilia_Romagna_Grand_Prix,VER,throttle,4,49.056603773584904,0.0,100.0,76.5899373147749
Emilia_Romagna_Grand_Prix,VER,brake,0,5.660377358490567,0.0,1.0,0.16034593317098414
Emilia_Romagna_Grand_Prix,VER,brake,1,22.641509433962266,0.0,1.0,0.1637706697221196
Emilia_Romagna_Grand_Prix,VER,brake,3,22.641509433962266,0.0,1.0,0.15250276002939686
Emilia_Romagna_Grand_Prix,VER,brake,4,49.056603773584904,0.0,1.0,0.14641261435170352
Emilia_Romagna_Grand_Prix,VER,gear,0,5.660377358490567,3.0,8.0,5.907333333333334
Emilia_Romagna_Grand_Prix,VER,gear,1,22.641509433962266,2.0,8.0,5.99652380952381
Emilia_Romagna_Grand_Prix,VER,gear,3,22.641509433962266,1.0,8.0,5.772633333333334
Emilia_Romagna_Grand_Prix,VER,gear,4,49.056603773584904,1.0,8.0,5.563846153846153
Emilia_Romagna_Grand_Prix,VER,acc_x,0,5.660377358490567,-35.52040258845065,15.872851949288133,0.2328165215596976
Emilia_Romagna_Grand_Prix,VER,acc_x,1,22.641509433962266,-50.67004350219065,18.914964418898116,0.17993511197547715
Emilia_Romagna_Grand_Prix,VER,acc_x,3,22.641509433962266,-44.91596550312407,17.072679979769397,0.30338144530314315
Emilia_Romagna_Grand_Prix,VER,acc_x,4,49.056603773584904,-42.77394068555497,19.29280325160173,0.4429103570613502
Emilia_Romagna_Grand_Prix,VER,acc_y,0,5.660377358490567,-45.86240401412144,52.87667153906553,2.360803937564977
Emilia_Romagna_Grand_Prix,VER,acc_y,1,22.641509433962266,-49.06758903782609,49.57215233012354,2.727216076411825
Emilia_Romagna_Grand_Prix,VER,acc_y,3,22.641509433962266,-52.16211891655781,50.080739580437,2.295032017489257
Emilia_Romagna_Grand_Prix,VER,acc_y,4,49.056603773584904,-52.78536609788822,52.32629480483609,1.94370943853879
Emilia_Romagna_Grand_Prix,VER,acc_z,0,5.660377358490567,-58.96100278684811,47.48939485330619,-1.5335639193439912
Emilia_Romagna_Grand_Prix,VER,acc_z,1,22.641509433962266,-115.4506573504795,77.48516710929476,-3.2530684106023404
Emilia_Romagna_Grand_Prix,VER,acc_z,3,22.641509433962266,-84.2148629073456,53.81646031777987,-2.3208240180298096
Emilia_Romagna_Grand_Prix,VER,acc_z,4,49.056603773584904,-78.94231413685328,72.94676936461644,0.40774195019391246
